code,foreperiod,predictability,difficulty,response,reaction_time,correct_response,stimulus,question,confidence,confidence_RT,Quad,score,RTCorrect,ConfCorrect,TP,TN,FP,FN,xpos,ypos,perfGrp
473,0.65,3,4,2,0.605217306999293,2,89,8,4,1.02193049299967,2,1,0.605217306999293,4,0,1,0,0,NaN,NaN,1
691,1.4,1,8,2,1.70533355399948,2,307,14,2,0.278796146999412,3,1,1.70533355399948,2,0,1,0,0,NaN,NaN,1
726,1.4,1,8,2,1.30780892300027,1,342,7,2,1.2868607420005,4,0,NaN,NaN,0,0,0,1,0.38268343236509,-0.923879532511287,1
534,1.4,1,4,1,0.670797286999914,1,150,4,4,0.191527889000099,4,1,0.670797286999914,4,1,0,0,0,0.707106781186547,-0.707106781186548,1
644,1.4,1,8,2,0.80290334700021,2,260,12,2,1.61662136399991,2,1,0.80290334700021,2,0,1,0,0,NaN,NaN,1
393,1.4,1,4,1,0.877391036000517,1,9,1,4,0.362429349999729,1,1,0.877391036000517,4,1,0,0,0,0.707106781186548,0.707106781186547,1
530,1.4,1,4,1,0.595153324000421,1,146,4,4,0.343992762000198,4,1,0.595153324000421,4,1,0,0,0,0.707106781186547,-0.707106781186548,1
405,1.4,1,4,2,0.709622807999949,2,21,8,4,0.335751614999936,1,1,0.709622807999949,4,0,1,0,0,NaN,NaN,1
549,1.4,1,4,2,0.815675908999765,2,165,6,4,0.336212638000688,4,1,0.815675908999765,4,0,1,0,0,NaN,NaN,1
556,1.4,3,4,1,0.5669582419996,1,172,4,4,1.35752398099976,4,1,0.5669582419996,4,1,0,0,0,0.707106781186547,-0.707106781186548,1
508,1.4,3,4,1,0.669830598000772,1,124,3,4,0.339489879999746,3,1,0.669830598000772,4,1,0,0,0,-0.707106781186548,-0.707106781186547,1
449,1.4,1,4,2,0.601466265999989,2,65,8,4,0.166270476999671,2,1,0.601466265999989,4,0,1,0,0,NaN,NaN,1
630,1.4,1,8,1,0.568921209999644,1,246,3,4,0.170074620999912,2,1,0.568921209999644,4,1,0,0,0,-0.38268343236509,0.923879532511287,1
594,1.4,1,8,2,0.703775063000649,2,210,12,2,1.27547653199963,1,1,0.703775063000649,2,0,1,0,0,NaN,NaN,1
543,1.4,1,4,2,0.602150005999647,2,159,5,4,0.507355665000432,4,1,0.602150005999647,4,0,1,0,0,NaN,NaN,1
513,0.65,3,4,1,0.467772441999841,1,129,3,4,0.170309649999581,3,1,0.467772441999841,4,1,0,0,0,-0.707106781186548,-0.707106781186547,1
597,1.4,1,8,2,1.70663029299976,2,213,16,3,1.31525784299993,1,1,1.70663029299976,3,0,1,0,0,NaN,NaN,1
406,1.4,1,4,2,1.00625979300003,2,22,5,4,0.846642712000175,1,1,1.00625979300003,4,0,1,0,0,NaN,NaN,1
612,1.4,3,8,2,3.81419355700018,1,228,2,3,1.47357461899992,1,0,NaN,NaN,0,0,0,1,0.38268343236509,0.923879532511287,1
488,1.4,1,4,1,1.078496825,1,104,3,4,0.174694905000251,3,1,1.078496825,4,1,0,0,0,-0.707106781186548,-0.707106781186547,1
469,0.65,3,4,2,0.801397903000179,2,85,5,4,0.173200445000475,2,1,0.801397903000179,4,0,1,0,0,NaN,NaN,1
674,1.4,1,8,2,0.70171109399962,1,290,5,3,0.469848196999919,3,0,NaN,NaN,0,0,0,1,-0.923879532511287,-0.38268343236509,1
582,1.4,1,8,1,0.56684038900039,1,198,1,4,0.506808154000282,1,1,0.56684038900039,4,1,0,0,0,0.923879532511287,0.38268343236509,1
601,0.65,3,8,2,0.700716981999904,1,217,1,1,0.569790550000107,1,0,NaN,NaN,0,0,0,1,0.923879532511287,0.38268343236509,1
482,1.4,1,4,1,2.88249157600058,1,98,3,4,0.170356898999671,3,1,2.88249157600058,4,1,0,0,0,-0.707106781186548,-0.707106781186547,1
435,1.4,1,4,1,0.5730416159995,1,51,2,4,0.516203466999286,2,1,0.5730416159995,4,1,0,0,0,-0.707106781186547,0.707106781186548,1
509,0.65,3,4,1,0.468641698000283,1,125,3,4,0.340216225999939,3,1,0.468641698000283,4,1,0,0,0,-0.707106781186548,-0.707106781186547,1
546,1.4,1,4,2,0.71062353599973,2,162,5,4,0.16779889100053,4,1,0.71062353599973,4,0,1,0,0,NaN,NaN,1
498,1.4,1,4,2,0.600189571000556,2,114,5,4,0.170023405000393,3,1,0.600189571000556,4,0,1,0,0,NaN,NaN,1
505,0.65,3,4,1,0.370022537000295,1,121,3,4,1.01125799399961,3,1,0.370022537000295,4,1,0,0,0,-0.707106781186548,-0.707106781186547,1
434,1.4,1,4,1,0.568854123999699,1,50,2,4,0.167368180999802,2,1,0.568854123999699,4,1,0,0,0,-0.707106781186547,0.707106781186548,1
557,0.65,3,4,1,0.468271898000239,1,173,4,4,0.509239922999768,4,1,0.468271898000239,4,1,0,0,0,0.707106781186547,-0.707106781186548,1
725,1.4,1,8,2,0.61034387700056,1,341,7,4,0.336287050000465,4,0,NaN,NaN,0,0,0,1,0.38268343236509,-0.923879532511287,1
402,1.4,1,4,2,0.604701135999676,2,18,7,4,0.169029464000232,1,1,0.604701135999676,4,0,1,0,0,NaN,NaN,1
388,1.4,1,4,1,0.969558597000287,1,4,1,4,0.337834896999993,1,1,0.969558597000287,4,1,0,0,0,0.707106781186548,0.707106781186547,1
401,1.4,1,4,2,0.500381195000045,2,17,7,4,0.167492429000049,1,1,0.500381195000045,4,0,1,0,0,NaN,NaN,1
483,1.4,1,4,1,0.694169434999822,1,99,3,4,0.165879989000132,3,1,0.694169434999822,4,1,0,0,0,-0.707106781186548,-0.707106781186547,1
487,1.4,1,4,1,0.667228238000462,1,103,3,4,0.173999733000528,3,1,0.667228238000462,4,1,0,0,0,-0.707106781186548,-0.707106781186547,1
403,1.4,1,4,2,1.51351705699926,2,19,5,4,0.17010297700017,1,1,1.51351705699926,4,0,1,0,0,NaN,NaN,1
440,1.4,1,4,1,0.924316349999572,1,56,2,4,0.841112031999728,2,1,0.924316349999572,4,1,0,0,0,-0.707106781186547,0.707106781186548,1
686,1.4,1,8,2,0.506522130000121,2,302,10,2,1.11135747499975,3,1,0.506522130000121,2,0,1,0,0,NaN,NaN,1
457,0.65,3,4,1,0.48050671099918,1,73,2,4,0.338876502999483,2,1,0.48050671099918,4,1,0,0,0,-0.707106781186547,0.707106781186548,1
568,1.4,3,4,2,1.00040697399982,2,184,6,4,0.338117544999477,4,1,1.00040697399982,4,0,1,0,0,NaN,NaN,1
737,1.4,1,8,2,2.7304487600004,2,353,16,3,1.14986936600053,4,1,2.7304487600004,3,0,1,0,0,NaN,NaN,1
456,1.4,1,4,2,1.00443850700049,2,72,7,4,0.335847296999418,2,1,1.00443850700049,4,0,1,0,0,NaN,NaN,1
598,1.4,1,8,2,0.603050041000643,2,214,15,3,0.302158784000312,1,1,0.603050041000643,3,0,1,0,0,NaN,NaN,1
592,1.4,1,8,2,0.702812896000069,2,208,14,2,0.603531568000108,1,1,0.702812896000069,2,0,1,0,0,NaN,NaN,1
676,1.4,1,8,1,0.366822367999703,1,292,5,4,0.16672545900019,3,1,0.366822367999703,4,1,0,0,0,-0.923879532511287,-0.38268343236509,1
577,1.4,1,8,1,0.372797418000118,1,193,1,4,0.502506128000277,1,1,0.372797418000118,4,1,0,0,0,0.923879532511287,0.38268343236509,1
717,0.65,3,8,2,0.501718087999507,2,333,11,2,0.441124818999924,3,1,0.501718087999507,2,0,1,0,0,NaN,NaN,1
442,1.4,1,4,1,0.871628730999873,1,58,2,4,0.167086662000656,2,1,0.871628730999873,4,1,0,0,0,-0.707106781186547,0.707106781186548,1
484,1.4,1,4,1,0.471272732999751,1,NaN,3,4,0.334399141999711,3,1,0.471272732999751,4,1,0,0,0,-0.707106781186548,-0.707106781186547,1
661,0.65,3,8,2,0.907739113999924,2,277,16,2,0.100349868000194,2,1,0.907739113999924,2,0,1,0,0,NaN,NaN,1
695,1.4,1,8,2,0.705741711999508,2,311,10,4,0.336888443999669,3,1,0.705741711999508,4,0,1,0,0,NaN,NaN,1
628,1.4,1,8,2,0.500928056999328,1,244,3,3,1.81815840299987,2,0,NaN,NaN,0,0,0,1,-0.38268343236509,0.923879532511287,1
520,1.4,3,4,2,2.01039963699986,2,136,7,4,0.167110996999327,3,1,2.01039963699986,4,0,1,0,0,NaN,NaN,1
579,1.4,1,8,1,0.466823385999305,1,195,1,4,0.505198510999435,1,1,0.466823385999305,4,1,0,0,0,0.923879532511287,0.38268343236509,1
451,1.4,1,4,2,0.705536575999758,2,67,7,4,0.334348791000593,2,1,0.705536575999758,4,0,1,0,0,NaN,NaN,1
760,1.4,3,8,2,1.71555042399996,2,376,11,3,0.802771609000047,4,1,1.71555042399996,3,0,1,0,0,NaN,NaN,1
547,1.4,1,4,2,0.602443422999386,2,163,5,4,0.331575178999628,4,1,0.602443422999386,4,0,1,0,0,NaN,NaN,1
492,1.4,1,4,1,1.87717686999986,1,108,3,4,0.166219200000342,3,1,1.87717686999986,4,1,0,0,0,-0.707106781186548,-0.707106781186547,1
629,1.4,1,8,1,0.474703844000032,1,245,3,4,0.508596226000009,2,1,0.474703844000032,4,1,0,0,0,-0.38268343236509,0.923879532511287,1
503,1.4,1,4,1,0.365239120999831,2,119,6,4,0.167560392000269,3,0,NaN,NaN,0,0,1,0,NaN,NaN,1
625,1.4,1,8,2,0.703929446999609,1,241,3,2,0.45012126399979,2,0,NaN,NaN,0,0,0,1,-0.38268343236509,0.923879532511287,1
539,1.4,1,4,2,0.605638066999745,1,155,4,4,0.168888626999433,4,0,NaN,NaN,0,0,0,1,0.707106781186547,-0.707106781186548,1
677,1.4,1,8,2,0.908513188000143,1,293,5,2,1.95508513300047,3,0,NaN,NaN,0,0,0,1,-0.923879532511287,-0.38268343236509,1
486,1.4,1,4,1,0.768465029000254,1,102,3,4,1.68959647100019,3,1,0.768465029000254,4,1,0,0,0,-0.707106781186548,-0.707106781186547,1
756,1.4,3,8,1,0.875020004999897,1,372,8,4,0.160367139999835,4,1,0.875020004999897,4,1,0,0,0,0.923879532511287,-0.38268343236509,1
221,0.65,3,8,1,0.367945449000217,1,221,1,4,0.171067962999587,1,1,0.367945449000217,4,1,0,0,0,0.923879532511287,0.38268343236509,1
152,0.65,1,4,1,0.368151773000136,1,152,4,4,0.338118319999921,4,1,0.368151773000136,4,1,0,0,0,0.707106781186547,-0.707106781186548,1
255,0.65,1,8,2,0.912256763999721,2,255,12,3,0.469013373000053,2,1,0.912256763999721,3,0,1,0,0,NaN,NaN,1
13,0.65,1,4,2,0.602929388000121,2,13,6,4,0.168012000999624,1,1,0.602929388000121,4,0,1,0,0,NaN,NaN,1
210,0.65,1,8,2,0.507063041999572,2,210,14,2,0.602353596999819,1,1,0.507063041999572,2,0,1,0,0,NaN,NaN,1
159,0.65,1,4,2,0.803450238999176,2,159,6,4,1.17124378799963,4,1,0.803450238999176,4,0,1,0,0,NaN,NaN,1
65,0.65,1,4,2,0.60283294599958,2,65,5,4,0.501780850999239,2,1,0.60283294599958,4,0,1,0,0,NaN,NaN,1
194,0.65,1,8,1,0.664922760000081,1,194,1,4,0.168370331000006,1,1,0.664922760000081,4,1,0,0,0,0.923879532511287,0.38268343236509,1
19,0.65,1,4,1,0.871916409000733,2,19,8,1,1.57392652300041,1,0,NaN,NaN,0,0,1,0,NaN,NaN,1
356,0.65,1,8,2,1.10457096200025,2,356,10,2,1.10369292500036,4,1,1.10457096200025,2,0,1,0,0,NaN,NaN,1
119,0.65,1,4,2,1.50269587399998,2,119,8,4,0.342659445000209,3,1,1.50269587399998,4,0,1,0,0,NaN,NaN,1
96,1.4,3,4,1,0.673272461999659,2,96,6,1,2.08039331300006,2,0,NaN,NaN,0,0,1,0,NaN,NaN,1
242,0.65,1,8,1,0.767510943999696,1,242,3,4,0.337682267000673,2,1,0.767510943999696,4,1,0,0,0,-0.38268343236509,0.923879532511287,1
163,0.65,1,4,2,0.999701435999668,2,163,8,4,0.169019721000041,4,1,0.999701435999668,4,0,1,0,0,NaN,NaN,1
132,1.4,3,4,1,0.578918696000073,1,132,3,4,0.513181057000111,3,1,0.578918696000073,4,1,0,0,0,-0.707106781186548,-0.707106781186547,1
291,0.65,1,8,2,1.01407448300051,1,291,5,3,0.13631116400029,3,0,NaN,NaN,0,0,0,1,-0.923879532511287,-0.38268343236509,1
71,0.65,1,4,2,0.598834017000627,2,71,5,4,0.175128820999817,2,1,0.598834017000627,4,0,1,0,0,NaN,NaN,1
52,0.65,1,4,1,1.27159468399987,1,52,2,4,0.167074711999703,2,1,1.27159468399987,4,1,0,0,0,-0.707106781186547,0.707106781186548,1
137,0.65,3,4,2,0.507320081000216,2,137,5,4,0.508431494999968,3,1,0.507320081000216,4,0,1,0,0,NaN,NaN,1
364,1.4,3,8,2,0.908243754000068,1,364,7,3,0.972211399999651,4,0,NaN,NaN,0,0,0,1,0.38268343236509,-0.923879532511287,1
168,0.65,1,4,2,0.805663134999122,2,168,6,4,0.169243018000088,4,1,0.805663134999122,4,0,1,0,0,NaN,NaN,1
62,0.65,1,4,2,0.500777612000093,2,62,7,4,0.678686074000325,2,1,0.500777612000093,4,0,1,0,0,NaN,NaN,1
300,0.65,1,8,1,2.28453198200077,1,300,6,4,0.169441420999647,3,1,2.28453198200077,4,1,0,0,0,-0.38268343236509,-0.923879532511287,1
113,0.65,1,4,2,0.602229541999804,2,113,5,4,0.672044259999893,3,1,0.602229541999804,4,0,1,0,0,NaN,NaN,1
10,0.65,1,4,1,1.0711942099997,1,10,1,4,0.172031416999744,1,1,1.0711942099997,4,1,0,0,0,0.707106781186548,0.707106781186547,1
243,0.65,1,8,1,0.67202486899987,1,243,3,4,0.170264679999491,2,1,0.67202486899987,4,1,0,0,0,-0.38268343236509,0.923879532511287,1
37,0.65,3,4,2,0.801278065000588,2,37,7,4,0.168395962999966,1,1,0.801278065000588,4,0,1,0,0,NaN,NaN,1
109,0.65,1,4,2,1.00527103799959,2,109,8,4,0.168865546000234,3,1,1.00527103799959,4,0,1,0,0,NaN,NaN,1
76,1.4,3,4,1,0.767265884999688,1,76,2,4,0.171668984000462,2,1,0.767265884999688,4,1,0,0,0,-0.707106781186547,0.707106781186548,1
6,0.65,1,4,1,0.468258851999963,1,6,1,4,0.166777394000746,1,1,0.468258851999963,4,1,0,0,0,0.707106781186548,0.707106781186547,1
204,0.65,1,8,1,0.666408756999772,1,204,2,4,0.169190988000082,1,1,0.666408756999772,4,1,0,0,0,0.38268343236509,0.923879532511287,1
265,0.65,3,8,1,0.77630667899939,1,265,3,4,1.34494125199944,2,1,0.77630667899939,4,1,0,0,0,-0.38268343236509,0.923879532511287,1
269,0.65,3,8,1,0.667705145000582,1,269,3,4,1.35384215999966,2,1,0.667705145000582,4,1,0,0,0,-0.38268343236509,0.923879532511287,1
345,0.65,1,8,1,0.466221405000397,1,345,8,4,0.167872200999227,4,1,0.466221405000397,4,1,0,0,0,0.923879532511287,-0.38268343236509,1
33,0.65,3,4,1,0.568584771000133,1,33,1,4,0.167374313999971,1,1,0.568584771000133,4,1,0,0,0,0.707106781186548,0.707106781186547,1
348,0.65,1,8,1,0.366945111000859,1,348,8,4,0.167771626999638,4,1,0.366945111000859,4,1,0,0,0,0.923879532511287,-0.38268343236509,1
211,0.65,1,8,1,0.770781553999768,2,211,16,3,0.13419312699989,1,0,NaN,NaN,0,0,1,0,NaN,NaN,1
353,0.65,1,8,1,0.465934788000595,2,353,13,4,0.168799410999782,4,0,NaN,NaN,0,0,1,0,NaN,NaN,1
7,0.65,1,4,1,0.469385074999991,1,7,1,4,0.168306131999998,1,1,0.469385074999991,4,1,0,0,0,0.707106781186548,0.707106781186547,1
220,1.4,3,8,1,1.37305646200002,1,220,1,4,0.168126266999934,1,1,1.37305646200002,4,1,0,0,0,0.923879532511287,0.38268343236509,1
58,0.65,1,4,1,1.57671436000055,1,58,2,4,0.167547228000331,2,1,1.57671436000055,4,1,0,0,0,-0.707106781186547,0.707106781186548,1
55,0.65,1,4,1,0.468272969999816,1,55,2,4,0.167481993000365,2,1,0.468272969999816,4,1,0,0,0,-0.707106781186547,0.707106781186548,1
162,0.65,1,4,2,2.20699769800012,2,162,7,3,1.1407711060001,4,1,2.20699769800012,3,0,1,0,0,NaN,NaN,1
244,0.65,1,8,1,0.57066676300019,1,244,3,4,0.159308652000618,2,1,0.57066676300019,4,1,0,0,0,-0.38268343236509,0.923879532511287,1
192,1.4,3,4,2,1.30584216199986,2,192,8,4,0.167182079000668,4,1,1.30584216199986,4,0,1,0,0,NaN,NaN,1
150,0.65,1,4,1,1.16948009900079,1,150,4,4,0.341814059000171,4,1,1.16948009900079,4,1,0,0,0,0.707106781186547,-0.707106781186548,1
124,1.4,3,4,1,0.367914133999875,1,124,3,4,0.674697514999934,3,1,0.367914133999875,4,1,0,0,0,-0.707106781186548,-0.707106781186547,1
340,0.65,1,8,1,1.37263268200059,1,340,7,2,0.270990508999603,4,1,1.37263268200059,2,1,0,0,0,0.38268343236509,-0.923879532511287,1
369,0.65,3,8,2,0.500580109000111,1,369,8,3,1.30924559699997,4,0,NaN,NaN,0,0,0,1,0.923879532511287,-0.38268343236509,1
285,0.65,3,8,2,1.10210635499971,2,285,11,2,0.937388944000304,2,1,1.10210635499971,2,0,1,0,0,NaN,NaN,1
205,0.65,1,8,2,0.69679071399969,2,205,10,2,0.269286024999928,1,1,0.69679071399969,2,0,1,0,0,NaN,NaN,1
281,0.65,3,8,2,1.20151568500023,2,281,15,2,0.271404087999144,2,1,1.20151568500023,2,0,1,0,0,NaN,NaN,1
360,0.65,1,8,NaN,4.01704570900074,2,360,13,2,3.7688359520007,4,0,NaN,NaN,0,0,0,0,NaN,NaN,1
298,0.65,1,8,2,0.898869337999713,1,298,6,2,0.769104504000097,3,0,NaN,NaN,0,0,0,1,-0.38268343236509,-0.923879532511287,1
216,0.65,1,8,2,0.809639566000442,2,216,14,NaN,4.02578165599971,1,1,0.809639566000442,NaN,0,1,0,0,NaN,NaN,1
104,0.65,1,4,1,0.576528499999768,1,104,3,3,0.135377995999988,3,1,0.576528499999768,3,1,0,0,0,-0.707106781186548,-0.707106781186547,1
45,0.65,3,4,2,0.905356190999555,2,45,7,4,0.842294164000123,1,1,0.905356190999555,4,0,1,0,0,NaN,NaN,1
146,0.65,1,4,1,0.67341764899993,1,146,4,4,0.167816148999918,4,1,0.67341764899993,4,1,0,0,0,0.707106781186547,-0.707106781186548,1
306,0.65,1,8,2,0.607551852999677,2,306,9,4,0.168057115000011,3,1,0.607551852999677,4,0,1,0,0,NaN,NaN,1
68,0.65,1,4,2,0.905083431000094,2,68,6,4,0.167827172000216,2,1,0.905083431000094,4,0,1,0,0,NaN,NaN,1
198,0.65,1,8,1,0.667807992999769,1,198,1,4,0.165716165000049,1,1,0.667807992999769,4,1,0,0,0,0.923879532511287,0.38268343236509,1
41,0.65,3,4,2,0.503960138999901,2,41,6,4,0.168008075999751,1,1,0.503960138999901,4,0,1,0,0,NaN,NaN,1
384,1.4,3,8,2,0.600128394000421,2,384,13,2,0.774893859999793,4,1,0.600128394000421,2,0,1,0,0,NaN,NaN,1
56,0.65,1,4,1,0.569163703999948,1,56,2,4,0.167409599000166,2,1,0.569163703999948,4,1,0,0,0,-0.707106781186547,0.707106781186548,1
173,0.65,3,4,1,0.27668712600007,1,173,4,4,0.173426333000862,4,1,0.27668712600007,4,1,0,0,0,0.707106781186547,-0.707106781186548,1
249,0.65,1,8,1,1.38514269100051,1,249,4,4,0.165790617000312,2,1,1.38514269100051,4,1,0,0,0,-0.923879532511287,0.38268343236509,1
328,1.4,3,8,2,0.804425055999673,2,328,13,2,0.437812291000228,3,1,0.804425055999673,2,0,1,0,0,NaN,NaN,1
77,0.65,3,4,1,0.367088953999883,1,77,2,4,0.1703429220006,2,1,0.367088953999883,4,1,0,0,0,-0.707106781186547,0.707106781186548,1
355,0.65,1,8,1,0.56700230000024,2,355,10,3,0.63875809900037,4,0,NaN,NaN,0,0,1,0,NaN,NaN,1
136,1.4,3,4,2,1.00445294600013,2,136,8,4,0.16726701799962,3,1,1.00445294600013,4,0,1,0,0,NaN,NaN,1
452,1.4,1,4,2,0.510500553999918,2,68,7,4,0.169239011000172,2,1,0.510500553999918,4,0,1,0,0,NaN,NaN,1
590,1.4,1,8,2,0.400907157999427,2,206,13,3,0.306404261999887,1,1,0.400907157999427,3,0,1,0,0,NaN,NaN,1
432,1.4,3,4,2,0.703024684999946,2,48,5,4,0.840575774000172,1,1,0.703024684999946,4,0,1,0,0,NaN,NaN,1
578,1.4,1,8,1,1.67784988300082,1,194,1,4,1.53327417899982,1,1,1.67784988300082,4,1,0,0,0,0.923879532511287,0.38268343236509,1
709,0.65,3,8,2,1.10896082999989,2,325,9,2,0.290531783000006,3,1,1.10896082999989,2,0,1,0,0,NaN,NaN,1
491,1.4,1,4,1,0.472336339999856,1,107,3,4,0.509934044000147,3,1,0.472336339999856,4,1,0,0,0,-0.707106781186548,-0.707106781186547,1
668,1.4,3,8,2,0.501892813000268,2,284,16,4,0.341528014999312,2,1,0.501892813000268,4,0,1,0,0,NaN,NaN,1
621,0.65,3,8,2,0.607271380999919,2,237,15,3,0.458058175000588,1,1,0.607271380999919,3,0,1,0,0,NaN,NaN,1
585,1.4,1,8,2,1.91200246700009,1,201,2,2,1.10908464300064,1,0,NaN,NaN,0,0,0,1,0.38268343236509,0.923879532511287,1
689,1.4,1,8,2,2.61953780600015,2,305,11,3,0.473752932000025,3,1,2.61953780600015,3,0,1,0,0,NaN,NaN,1
641,1.4,1,8,1,0.770366056000057,2,257,12,3,0.470571979999477,2,0,NaN,NaN,0,0,1,0,NaN,NaN,1
445,1.4,1,4,2,0.702035442000124,2,61,8,4,0.172110874999817,2,1,0.702035442000124,4,0,1,0,0,NaN,NaN,1
752,1.4,3,8,2,0.899241914999948,1,368,8,3,0.639242706000005,4,0,NaN,NaN,0,0,0,1,0.923879532511287,-0.38268343236509,1
596,1.4,1,8,2,0.907498112999747,2,212,14,3,0.474297516999286,1,1,0.907498112999747,3,0,1,0,0,NaN,NaN,1
398,1.4,1,4,2,0.505172017999939,2,14,6,4,0.172575653000422,1,1,0.505172017999939,4,0,1,0,0,NaN,NaN,1
620,1.4,3,8,2,1.10434653800075,2,236,16,2,0.444369880000522,1,1,1.10434653800075,2,0,1,0,0,NaN,NaN,1
733,1.4,1,8,2,0.809143997999854,2,349,16,4,1.16969744000016,4,1,0.809143997999854,4,0,1,0,0,NaN,NaN,1
407,1.4,1,4,2,0.504036012999677,2,23,8,4,0.172000537999338,1,1,0.504036012999677,4,0,1,0,0,NaN,NaN,1
600,1.4,1,8,2,2.10898055100006,2,216,11,3,0.640412044999721,1,1,2.10898055100006,3,0,1,0,0,NaN,NaN,1
705,0.65,3,8,2,1.01545876699947,1,321,6,4,0.165346378999857,3,0,NaN,NaN,0,0,0,1,-0.38268343236509,-0.923879532511287,1
704,1.4,3,8,2,0.808377838000524,1,320,6,4,0.167197065999972,3,0,NaN,NaN,0,0,0,1,-0.38268343236509,-0.923879532511287,1
647,1.4,1,8,2,1.00082348100023,2,263,10,3,0.47157392400004,2,1,1.00082348100023,3,0,1,0,0,NaN,NaN,1
708,1.4,3,8,2,0.799292560999675,1,324,6,2,0.266891173000658,3,0,NaN,NaN,0,0,0,1,-0.38268343236509,-0.923879532511287,1
461,0.65,3,4,1,1.5737122340006,1,77,2,4,0.169995788000051,2,1,1.5737122340006,4,1,0,0,0,-0.707106781186547,0.707106781186548,1
595,1.4,1,8,2,1.19835837000028,2,211,14,3,0.640630075000445,1,1,1.19835837000028,3,0,1,0,0,NaN,NaN,1
580,1.4,1,8,1,0.46982078200017,1,196,1,4,0.159927765000248,1,1,0.46982078200017,4,1,0,0,0,0.923879532511287,0.38268343236509,1
634,1.4,1,8,1,0.466997078000531,1,250,4,4,0.161983265999879,2,1,0.466997078000531,4,1,0,0,0,-0.923879532511287,0.38268343236509,1
588,1.4,1,8,2,1.40654654399987,1,204,2,4,1.17611792000025,1,0,NaN,NaN,0,0,0,1,0.38268343236509,0.923879532511287,1
480,1.4,3,4,2,0.502054784000393,2,96,7,4,0.171963910000159,2,1,0.502054784000393,4,0,1,0,0,NaN,NaN,1
472,1.4,3,4,2,2.30678354100019,2,88,5,4,0.170984931000021,2,1,2.30678354100019,4,0,1,0,0,NaN,NaN,1
584,1.4,1,8,1,0.468537646999721,1,200,2,4,0.167792878,1,1,0.468537646999721,4,1,0,0,0,0.38268343236509,0.923879532511287,1
653,0.65,3,8,2,0.305838168000264,1,269,3,4,1.18293419399924,2,0,NaN,NaN,0,0,0,1,-0.38268343236509,0.923879532511287,1
548,1.4,1,4,1,0.678051952000715,2,164,5,4,0.341014585999801,4,0,NaN,NaN,0,0,1,0,NaN,NaN,1
608,1.4,3,8,1,0.67114589799985,1,224,2,4,0.171016957000575,1,1,0.67114589799985,4,1,0,0,0,0.38268343236509,0.923879532511287,1
544,1.4,1,4,2,0.714482136000697,2,160,8,4,0.172034305000125,4,1,0.714482136000697,4,0,1,0,0,NaN,NaN,1
740,1.4,1,8,1,1.26281738299986,2,356,9,2,0.269463779999569,4,0,NaN,NaN,0,0,1,0,NaN,NaN,1
468,1.4,3,4,1,0.969883544999902,1,84,2,4,0.170596730999932,2,1,0.969883544999902,4,1,0,0,0,-0.707106781186547,0.707106781186548,1
736,1.4,1,8,2,1.00209209600052,2,352,11,2,1.28007764599988,4,1,1.00209209600052,2,0,1,0,0,NaN,NaN,1
436,1.4,1,4,1,0.668168295000214,1,52,2,4,0.337112226999125,2,1,0.668168295000214,4,1,0,0,0,-0.707106781186547,0.707106781186548,1
540,1.4,1,4,1,0.564943069000037,1,156,4,4,0.170152034000239,4,1,0.564943069000037,4,1,0,0,0,0.707106781186547,-0.707106781186548,1
424,1.4,3,4,2,1.0002836069998,2,40,6,4,0.338553522000439,1,1,1.0002836069998,4,0,1,0,0,NaN,NaN,1
521,0.65,3,4,2,0.50183691500024,2,137,6,4,0.170146460000069,3,1,0.50183691500024,4,0,1,0,0,NaN,NaN,1
528,1.4,3,4,2,0.607669402000283,2,144,8,4,0.500035314999877,3,1,0.607669402000283,4,0,1,0,0,NaN,NaN,1
496,1.4,1,4,2,0.504073455000253,2,112,8,4,0.173645410999598,3,1,0.504073455000253,4,0,1,0,0,NaN,NaN,1
690,1.4,1,8,1,0.466317600000366,2,306,14,4,0.158798374000071,3,0,NaN,NaN,0,0,1,0,NaN,NaN,1
694,1.4,1,8,2,0.700713668999924,2,310,13,2,1.27043538599992,3,1,0.700713668999924,2,0,1,0,0,NaN,NaN,1
587,1.4,1,8,1,0.46530951800014,1,203,2,4,0.672280867000154,1,1,0.46530951800014,4,1,0,0,0,0.38268343236509,0.923879532511287,1
681,1.4,1,8,2,1.39990277299967,1,297,6,3,0.305194327999743,3,0,NaN,NaN,0,0,0,1,-0.38268343236509,-0.923879532511287,1
727,1.4,1,8,1,0.601721084999554,1,343,8,4,0.832937691000552,4,1,0.601721084999554,4,1,0,0,0,0.923879532511287,-0.38268343236509,1
439,1.4,1,4,1,1.37165722400005,1,55,2,4,0.171995723999316,2,1,1.37165722400005,4,1,0,0,0,-0.707106781186547,0.707106781186548,1
665,0.65,3,8,2,1.60826860399993,2,281,15,4,0.335458053999901,2,1,1.60826860399993,4,0,1,0,0,NaN,NaN,1
428,1.4,3,4,2,0.607505842999672,2,44,6,4,0.158980090999648,1,1,0.607505842999672,4,0,1,0,0,NaN,NaN,1
450,1.4,1,4,2,0.605113786999937,2,66,7,4,0.173010765000072,2,1,0.605113786999937,4,0,1,0,0,NaN,NaN,1
617,0.65,3,8,2,0.503478655000436,2,233,12,3,0.30046657999992,1,1,0.503478655000436,3,0,1,0,0,NaN,NaN,1
502,1.4,1,4,2,0.502612006000163,2,118,6,2,0.604183706000185,3,1,0.502612006000163,2,0,1,0,0,NaN,NaN,1
728,1.4,1,8,1,0.56981184200049,1,344,8,4,0.338952977999725,4,1,0.56981184200049,4,1,0,0,0,0.923879532511287,-0.38268343236509,1
517,0.65,3,4,2,0.300201435000417,2,133,8,4,0.166824165999969,3,1,0.300201435000417,4,0,1,0,0,NaN,NaN,1
499,1.4,1,4,2,0.447786959999576,2,115,8,4,0.159338548000051,3,1,0.447786959999576,4,0,1,0,0,NaN,NaN,1
532,1.4,1,4,1,0.979514600000584,1,148,4,4,0.169457922999754,4,1,0.979514600000584,4,1,0,0,0,0.707106781186547,-0.707106781186548,1
551,1.4,1,4,2,0.502660540000761,2,167,6,4,0.167310137999266,4,1,0.502660540000761,4,0,1,0,0,NaN,NaN,1
576,1.4,3,4,2,0.502886932000365,2,192,6,3,1.8067160519995,4,1,0.502886932000365,3,0,1,0,0,NaN,NaN,1
722,1.4,1,8,1,1.06877548899956,1,338,7,3,0.815461462999338,4,1,1.06877548899956,3,1,0,0,0,0.38268343236509,-0.923879532511287,1
657,0.65,3,8,1,0.77627582399964,1,273,4,4,0.167564442999719,2,1,0.77627582399964,4,1,0,0,0,-0.923879532511287,0.38268343236509,1
673,1.4,1,8,1,0.467618546000267,1,289,5,4,0.845776501999353,3,1,0.467618546000267,4,1,0,0,0,-0.923879532511287,-0.38268343236509,1
743,1.4,1,8,2,1.20477571299944,2,359,12,2,0.7737313610005,4,1,1.20477571299944,2,0,1,0,0,NaN,NaN,1
684,1.4,1,8,2,3.11641209199934,1,300,6,3,2.51729933899969,3,0,NaN,NaN,0,0,0,1,-0.38268343236509,-0.923879532511287,1
529,1.4,1,4,1,0.672685974999695,1,145,4,4,0.169025073999364,4,1,0.672685974999695,4,1,0,0,0,0.707106781186547,-0.707106781186548,1
454,1.4,1,4,1,2.87035277700033,2,70,8,1,0.739164370999788,2,0,NaN,NaN,0,0,1,0,NaN,NaN,1
409,0.65,3,4,2,0.903512853000393,1,25,1,4,0.159393873000226,1,0,NaN,NaN,0,0,0,1,0.707106781186548,0.707106781186547,1
573,0.65,3,4,2,0.504393193000396,2,189,8,4,0.167720575000203,4,1,0.504393193000396,4,0,1,0,0,NaN,NaN,1
106,0.65,1,4,1,0.461397179000414,1,106,3,4,0.159615075999682,3,1,0.461397179000414,4,1,0,0,0,-0.707106781186548,-0.707106781186547,1
15,0.65,1,4,2,0.699713345000418,2,15,6,4,0.169698681000227,1,1,0.699713345000418,4,0,1,0,0,NaN,NaN,1
116,0.65,1,4,2,2.29866728100023,2,116,7,4,0.336348572000134,3,1,2.29866728100023,4,0,1,0,0,NaN,NaN,1
347,0.65,1,8,2,3.11352904299929,1,347,8,3,0.809368823000113,4,0,NaN,NaN,0,0,0,1,0.923879532511287,-0.38268343236509,1
51,0.65,1,4,1,0.868571310000334,1,51,2,4,0.503417354999328,2,1,0.868571310000334,4,1,0,0,0,-0.707106781186547,0.707106781186548,1
332,1.4,3,8,2,1.50445561000015,2,332,10,3,0.138632923999467,3,1,1.50445561000015,3,0,1,0,0,NaN,NaN,1
64,0.65,1,4,2,1.00073561599856,2,64,7,4,0.672435391001272,2,1,1.00073561599856,4,0,1,0,0,NaN,NaN,1
105,0.65,1,4,1,0.469864076001613,1,105,3,4,2.00782617000004,3,1,0.469864076001613,4,1,0,0,0,-0.707106781186548,-0.707106781186547,1
155,0.65,1,4,1,0.570832551000422,1,155,4,4,0.163360877000741,4,1,0.570832551000422,4,1,0,0,0,0.707106781186547,-0.707106781186548,1
333,0.65,3,8,2,0.50380326999948,2,333,12,3,0.805836835999798,3,1,0.50380326999948,3,0,1,0,0,NaN,NaN,1
251,0.65,1,8,1,0.565993678999803,1,251,4,4,0.173525459998928,2,1,0.565993678999803,4,1,0,0,0,-0.923879532511287,0.38268343236509,1
302,0.65,1,8,1,1.36880868499975,2,302,11,3,0.310701166001309,3,0,NaN,NaN,0,0,1,0,NaN,NaN,1
160,0.65,1,4,1,0.870410556000934,2,160,5,4,2.02543249100017,4,0,NaN,NaN,0,0,1,0,NaN,NaN,1
338,0.65,1,8,2,1.00153964299898,1,338,7,3,0.469175997999628,4,0,NaN,NaN,0,0,0,1,0.38268343236509,-0.923879532511287,1
177,0.65,3,4,1,0.265232472000207,1,177,4,4,0.159832495999581,4,1,0.265232472000207,4,1,0,0,0,0.707106781186547,-0.707106781186548,1
344,0.65,1,8,2,0.704501181000524,1,344,8,3,0.310401441000067,4,0,NaN,NaN,0,0,0,1,0.923879532511287,-0.38268343236509,1
148,0.65,1,4,1,0.773347334999926,1,148,4,4,0.676346644999285,4,1,0.773347334999926,4,1,0,0,0,0.707106781186547,-0.707106781186548,1
17,0.65,1,4,2,1.50880443700044,2,17,6,4,0.340165992998664,1,1,1.50880443700044,4,0,1,0,0,NaN,NaN,1
203,0.65,1,8,1,0.667040794000059,1,203,2,4,0.171171820000382,1,1,0.667040794000059,4,1,0,0,0,0.38268343236509,0.923879532511287,1
337,0.65,1,8,1,2.77942067799995,1,337,7,2,0.771886193999308,4,1,2.77942067799995,2,1,0,0,0,0.38268343236509,-0.923879532511287,1
200,0.65,1,8,1,0.366748025999186,1,200,2,4,0.160323007001352,1,1,0.366748025999186,4,1,0,0,0,0.38268343236509,0.923879532511287,1
161,0.65,1,4,2,0.509055557999091,2,161,6,4,0.171657097000207,4,1,0.509055557999091,4,0,1,0,0,NaN,NaN,1
201,0.65,1,8,1,0.66968689100031,1,201,2,4,0.505349048999051,1,1,0.66968689100031,4,1,0,0,0,0.38268343236509,0.923879532511287,1
2,0.65,1,4,1,0.97183693900115,1,2,1,4,0.172304137999163,1,1,0.97183693900115,4,1,0,0,0,0.707106781186548,0.707106781186547,1
188,1.4,3,4,2,0.501405159999194,2,188,5,4,0.174378800998966,4,1,0.501405159999194,4,0,1,0,0,NaN,NaN,1
297,0.65,1,8,2,1.60002435699971,1,297,6,3,0.636497971998324,3,0,NaN,NaN,0,0,0,1,-0.38268343236509,-0.923879532511287,1
196,0.65,1,8,2,0.599655681000513,1,196,1,2,0.43605152300006,1,0,NaN,NaN,0,0,0,1,0.923879532511287,0.38268343236509,1
250,0.65,1,8,1,0.467049041000791,1,250,4,4,0.67348378799943,2,1,0.467049041000791,4,1,0,0,0,-0.923879532511287,0.38268343236509,1
213,0.65,1,8,2,0.700763860999359,2,213,14,3,1.82338495300064,1,1,0.700763860999359,3,0,1,0,0,NaN,NaN,1
343,0.65,1,8,1,0.56722614300088,1,343,8,4,0.334851599998728,4,1,0.56722614300088,4,1,0,0,0,0.923879532511287,-0.38268343236509,1
110,0.65,1,4,2,0.501254115000847,2,110,7,4,0.163132396000947,3,1,0.501254115000847,4,0,1,0,0,NaN,NaN,1
217,0.65,3,8,2,1.10132005499872,1,217,1,3,0.134378983999341,1,0,NaN,NaN,0,0,0,1,0.923879532511287,0.38268343236509,1
280,1.4,3,8,2,0.698772314999587,2,280,15,3,0.299760188998334,2,1,0.698772314999587,3,0,1,0,0,NaN,NaN,1
84,1.4,3,4,1,0.468812082001023,1,84,2,4,0.161428022998734,2,1,0.468812082001023,4,1,0,0,0,-0.707106781186547,0.707106781186548,1
157,0.65,1,4,2,0.70506819000002,2,157,8,4,0.333506766999562,4,1,0.70506819000002,4,0,1,0,0,NaN,NaN,1
357,0.65,1,8,1,0.467586488000961,2,357,13,3,0.9734789489994,4,0,NaN,NaN,0,0,1,0,NaN,NaN,1
114,0.65,1,4,2,0.802894648999427,2,114,8,4,0.333633753998583,3,1,0.802894648999427,4,0,1,0,0,NaN,NaN,1
16,0.65,1,4,1,1.57318859800034,2,16,6,3,1.30061827499958,1,0,NaN,NaN,0,0,1,0,NaN,NaN,1
185,0.65,3,4,2,0.50074461999975,2,185,5,4,0.501769540000168,4,1,0.50074461999975,4,0,1,0,0,NaN,NaN,1
313,0.65,3,8,1,0.265433385000506,1,313,5,4,0.157847495000169,3,1,0.265433385000506,4,1,0,0,0,-0.923879532511287,-0.38268343236509,1
273,0.65,3,8,1,1.16884552400006,1,273,4,4,0.167336417000115,2,1,1.16884552400006,4,1,0,0,0,-0.923879532511287,0.38268343236509,1
156,0.65,1,4,1,0.667845088999456,1,156,4,4,0.159518276999734,4,1,0.667845088999456,4,1,0,0,0,0.707106781186547,-0.707106781186548,1
236,1.4,3,8,2,2.31209106099959,2,236,15,3,0.471522736001134,1,1,2.31209106099959,3,0,1,0,0,NaN,NaN,1
352,0.65,1,8,2,1.80434662599873,2,352,11,3,0.637424698999894,4,1,1.80434662599873,3,0,1,0,0,NaN,NaN,1
NaN,0.65,1,4,1,0.566823039000155,1,NaN,3,4,0.168927792999966,3,1,0.566823039000155,4,1,0,0,0,-0.707106781186548,-0.707106781186547,1
125,0.65,3,4,1,0.668871830001081,1,125,3,4,0.170534304999819,3,1,0.668871830001081,4,1,0,0,0,-0.707106781186548,-0.707106781186547,1
181,0.65,3,4,2,1.00355155500074,2,181,5,4,0.169213121998837,4,1,1.00355155500074,4,0,1,0,0,NaN,NaN,1
147,0.65,1,4,1,0.56661887899827,1,147,4,4,0.168485164000231,4,1,0.56661887899827,4,1,0,0,0,0.707106781186547,-0.707106781186548,1
247,0.65,1,8,1,0.567799751999701,1,247,4,4,0.173585622000246,2,1,0.567799751999701,4,1,0,0,0,-0.923879532511287,0.38268343236509,1
258,0.65,1,8,2,1.4133312289996,2,258,13,3,0.126050025999575,2,1,1.4133312289996,3,0,1,0,0,NaN,NaN,1
380,1.4,3,8,2,0.504961666001691,2,380,11,2,0.607074513000043,4,1,0.504961666001691,2,0,1,0,0,NaN,NaN,1
212,0.65,1,8,1,1.87264368000069,2,212,9,2,0.265772792999996,1,0,NaN,NaN,0,0,1,0,NaN,NaN,1
24,0.65,1,4,2,0.599738496001009,2,24,7,4,0.164438986999812,1,1,0.599738496001009,4,0,1,0,0,NaN,NaN,1
92,1.4,3,4,2,0.603703004999261,2,92,7,4,0.174866879999172,2,1,0.603703004999261,4,0,1,0,0,NaN,NaN,1
8,0.65,1,4,1,0.565845565000927,1,8,1,4,0.502667365999514,1,1,0.565845565000927,4,1,0,0,0,0.707106781186548,0.707106781186547,1
310,0.65,1,8,2,1.20428791500126,2,310,16,3,0.135124448999704,3,1,1.20428791500126,3,0,1,0,0,NaN,NaN,1
296,0.65,1,8,2,1.30321663799987,1,296,6,3,2.81149228899994,3,0,NaN,NaN,0,0,0,1,-0.38268343236509,-0.923879532511287,1
276,1.4,3,8,1,1.17345407599896,1,276,4,4,0.169008060000124,2,1,1.17345407599896,4,1,0,0,0,-0.923879532511287,0.38268343236509,1
261,0.65,1,8,2,1.40935731800164,2,261,15,2,2.12952527099878,2,1,1.40935731800164,2,0,1,0,0,NaN,NaN,1
293,0.65,1,8,1,0.681865325999752,1,293,5,4,0.671198963000279,3,1,0.681865325999752,4,1,0,0,0,-0.923879532511287,-0.38268343236509,1
176,1.4,3,4,1,0.468872921999719,1,176,4,4,0.172195223000017,4,1,0.468872921999719,4,1,0,0,0,0.707106781186547,-0.707106781186548,1
303,0.65,1,8,1,1.56995146600093,2,303,14,3,0.314957962000335,3,0,NaN,NaN,0,0,1,0,NaN,NaN,1
32,1.4,3,4,1,0.467308547000357,1,32,1,4,0.166118724000626,1,1,0.467308547000357,4,1,0,0,0,0.707106781186548,0.707106781186547,1
316,1.4,3,8,1,0.768949088998852,1,316,5,4,0.168790298999738,3,1,0.768949088998852,4,1,0,0,0,-0.923879532511287,-0.38268343236509,1
312,0.65,1,8,2,0.802156166999339,2,312,9,3,0.302614181999161,3,1,0.802156166999339,3,0,1,0,0,NaN,NaN,1
48,1.4,3,4,2,0.4971266679986,2,48,7,4,0.174073146999945,1,1,0.4971266679986,4,0,1,0,0,NaN,NaN,1
259,0.65,1,8,2,0.701514280000993,2,259,13,4,0.338095021999834,2,1,0.701514280000993,4,0,1,0,0,NaN,NaN,1
290,0.65,1,8,1,0.570127437998963,1,290,5,4,0.502326918000108,3,1,0.570127437998963,4,1,0,0,0,-0.923879532511287,-0.38268343236509,1
656,1.4,3,8,1,0.56369142999938,1,272,4,4,0.169355845999235,2,1,0.56369142999938,4,1,0,0,0,-0.923879532511287,0.38268343236509,1
609,0.65,3,8,1,0.366403968000668,1,225,2,4,0.501310043000558,1,1,0.366403968000668,4,1,0,0,0,0.38268343236509,0.923879532511287,1
638,1.4,1,8,2,0.500672193000355,2,254,9,3,0.46858490699924,2,1,0.500672193000355,3,0,1,0,0,NaN,NaN,1
652,1.4,3,8,1,0.666683334000481,1,268,3,4,0.160779828998784,2,1,0.666683334000481,4,1,0,0,0,-0.38268343236509,0.923879532511287,1
397,1.4,1,4,2,0.601360647000547,2,13,8,4,0.505206001000261,1,1,0.601360647000547,4,0,1,0,0,NaN,NaN,1
395,1.4,1,4,1,0.770406118001119,1,11,1,4,0.507511358000556,1,1,0.770406118001119,4,1,0,0,0,0.707106781186548,0.707106781186547,1
768,1.4,3,8,2,0.962634643999991,2,384,13,2,0.614852249998876,4,1,0.962634643999991,2,0,1,0,0,NaN,NaN,1
730,1.4,1,8,2,1.49770090200036,1,346,8,3,0.303355807000116,4,0,NaN,NaN,0,0,0,1,0.923879532511287,-0.38268343236509,1
525,0.65,3,4,2,0.600550422001106,2,141,7,4,0.3373430190004,3,1,0.600550422001106,4,0,1,0,0,NaN,NaN,1
640,1.4,1,8,2,1.30024225200032,2,256,11,3,0.135155735000808,2,1,1.30024225200032,3,0,1,0,0,NaN,NaN,1
394,1.4,1,4,1,0.670551967999927,1,10,1,4,0.668172102999961,1,1,0.670551967999927,4,1,0,0,0,0.707106781186548,0.707106781186547,1
400,1.4,1,4,2,0.502101379999658,2,16,8,4,0.160309569000674,1,1,0.502101379999658,4,0,1,0,0,NaN,NaN,1
391,1.4,1,4,1,0.972141940999791,1,7,1,4,0.171501609000188,1,1,0.972141940999791,4,1,0,0,0,0.707106781186548,0.707106781186547,1
420,1.4,3,4,1,0.668878675000087,1,36,1,4,0.159601609000674,1,1,0.668878675000087,4,1,0,0,0,0.707106781186548,0.707106781186547,1
564,1.4,3,4,1,0.468805267000789,1,180,4,4,0.167570215999149,4,1,0.468805267000789,4,1,0,0,0,0.707106781186547,-0.707106781186548,1
687,1.4,1,8,2,2.71691640599965,2,303,9,3,0.302174528000251,3,1,2.71691640599965,3,0,1,0,0,NaN,NaN,1
535,1.4,1,4,1,0.670907783000075,1,151,4,4,0.161188677000609,4,1,0.670907783000075,4,1,0,0,0,0.707106781186547,-0.707106781186548,1
732,1.4,1,8,2,1.21029901200018,1,348,8,2,0.0935845010008052,4,0,NaN,NaN,0,0,0,1,0.923879532511287,-0.38268343236509,1
586,1.4,1,8,1,1.27588514799936,1,202,2,4,0.159965437998835,1,1,1.27588514799936,4,1,0,0,0,0.38268343236509,0.923879532511287,1
553,0.65,3,4,1,0.87243062699963,1,169,4,4,0.502947984001366,4,1,0.87243062699963,4,1,0,0,0,0.707106781186547,-0.707106781186548,1
604,1.4,3,8,1,0.56960302600055,1,220,1,4,0.677514962999339,1,1,0.56960302600055,4,1,0,0,0,0.923879532511287,0.38268343236509,1
642,1.4,1,8,2,0.601526270000249,2,258,14,3,0.635307189000741,2,1,0.601526270000249,3,0,1,0,0,NaN,NaN,1
494,1.4,1,4,2,1.29983433300004,2,110,5,4,0.17114138100078,3,1,1.29983433300004,4,0,1,0,0,NaN,NaN,1
741,1.4,1,8,1,1.57365749000019,2,357,9,4,0.169294014000116,4,0,NaN,NaN,0,0,1,0,NaN,NaN,1
624,1.4,3,8,2,1.20345765599996,2,240,16,2,0.271587101999103,1,1,1.20345765599996,2,0,1,0,0,NaN,NaN,1
683,1.4,1,8,2,1.61386671299988,1,299,6,4,1.50693915100055,3,0,NaN,NaN,0,0,0,1,-0.38268343236509,-0.923879532511287,1
399,1.4,1,4,2,0.500290785999823,2,15,5,4,0.172879624000416,1,1,0.500290785999823,4,0,1,0,0,NaN,NaN,1
720,1.4,3,8,2,1.00711854099973,2,336,14,2,0.0927645140000095,3,1,1.00711854099973,2,0,1,0,0,NaN,NaN,1
552,1.4,1,4,2,0.664645429000302,2,168,8,4,0.34272740400047,4,1,0.664645429000302,4,0,1,0,0,NaN,NaN,1
560,1.4,3,4,1,0.674844638999275,1,176,4,4,0.679364308998629,4,1,0.674844638999275,4,1,0,0,0,0.707106781186547,-0.707106781186548,1
497,1.4,1,4,2,0.706480209999427,2,113,5,4,0.159315440001592,3,1,0.706480209999427,4,0,1,0,0,NaN,NaN,1
561,0.65,3,4,1,0.56733947199973,1,177,4,4,0.168316418999893,4,1,0.56733947199973,4,1,0,0,0,0.707106781186547,-0.707106781186548,1
476,1.4,3,4,2,0.601151778999338,2,92,6,4,0.160412209999777,2,1,0.601151778999338,4,0,1,0,0,NaN,NaN,1
664,1.4,3,8,2,1.10533056900022,2,280,10,2,0.0925558769995405,2,1,1.10533056900022,2,0,1,0,0,NaN,NaN,1
645,1.4,1,8,2,0.500297693000903,2,261,12,4,0.159572066000692,2,1,0.500297693000903,4,0,1,0,0,NaN,NaN,1
583,1.4,1,8,1,0.7672681439999,1,199,2,4,0.347609138001644,1,1,0.7672681439999,4,1,0,0,0,0.38268343236509,0.923879532511287,1
679,1.4,1,8,2,1.43647097100074,1,295,6,3,0.301257994999105,3,0,NaN,NaN,0,0,0,1,-0.38268343236509,-0.923879532511287,1
616,1.4,3,8,2,1.60926821400062,2,232,9,2,0.102709413999037,1,1,1.60926821400062,2,0,1,0,0,NaN,NaN,1
504,1.4,1,4,2,0.701953305999268,2,120,7,4,0.158828019000794,3,1,0.701953305999268,4,0,1,0,0,NaN,NaN,1
541,1.4,1,4,2,0.603070324001237,2,157,7,4,1.17501486500078,4,1,0.603070324001237,4,0,1,0,0,NaN,NaN,1
721,1.4,1,8,2,0.604505624000012,1,337,7,4,0.506383967998772,4,0,NaN,NaN,0,0,0,1,0.38268343236509,-0.923879532511287,1
542,1.4,1,4,2,0.500742812999306,2,158,5,4,0.165728742000283,4,1,0.500742812999306,4,0,1,0,0,NaN,NaN,1
481,1.4,1,4,1,0.870814251000411,1,97,3,4,0.16647697299959,3,1,0.870814251000411,4,1,0,0,0,-0.707106781186548,-0.707106781186547,1
516,1.4,3,4,1,1.17084685999907,1,132,3,4,0.341781084000104,3,1,1.17084685999907,4,1,0,0,0,-0.707106781186548,-0.707106781186547,1
455,1.4,1,4,2,0.602112591999685,2,71,6,4,0.164908898999784,2,1,0.602112591999685,4,0,1,0,0,NaN,NaN,1
639,1.4,1,8,2,1.20475876899945,2,255,13,4,0.337901979999515,2,1,1.20475876899945,4,0,1,0,0,NaN,NaN,1
635,1.4,1,8,1,1.36937665300138,1,251,4,4,0.157577659001618,2,1,1.36937665300138,4,1,0,0,0,-0.923879532511287,0.38268343236509,1
660,1.4,3,8,1,0.568638790999103,1,276,4,4,0.159770695001498,2,1,0.568638790999103,4,1,0,0,0,-0.923879532511287,0.38268343236509,1
581,1.4,1,8,1,0.56831118700029,1,197,1,4,0.169157615999211,1,1,0.56831118700029,4,1,0,0,0,0.923879532511287,0.38268343236509,1
685,1.4,1,8,2,1.20974315900094,2,301,11,3,0.305330302999209,3,1,1.20974315900094,3,0,1,0,0,NaN,NaN,1
512,1.4,3,4,1,0.465594798999518,1,128,3,4,0.167053938999743,3,1,0.465594798999518,4,1,0,0,0,-0.707106781186548,-0.707106781186547,1
688,1.4,1,8,2,0.808299599000748,2,304,13,3,0.133169203001671,3,1,0.808299599000748,3,0,1,0,0,NaN,NaN,1
536,1.4,1,4,1,0.469979982999575,1,152,4,4,0.16880111699902,4,1,0.469979982999575,4,1,0,0,0,0.707106781186547,-0.707106781186548,1
724,1.4,1,8,2,0.803872455999226,1,340,7,2,0.0993420009999681,4,0,NaN,NaN,0,0,0,1,0.38268343236509,-0.923879532511287,1
425,0.65,3,4,2,1.70735438300107,2,41,7,4,0.158205268000529,1,1,1.70735438300107,4,0,1,0,0,NaN,NaN,1
753,0.65,3,8,2,1.30609802100116,1,369,8,3,0.644289498000944,4,0,NaN,NaN,0,0,0,1,0.923879532511287,-0.38268343236509,1
591,1.4,1,8,1,0.571339202999297,2,207,15,4,0.158492902000944,1,0,NaN,NaN,0,0,1,0,NaN,NaN,1
493,1.4,1,4,2,0.405420027000218,2,109,5,4,0.159066741000061,3,1,0.405420027000218,4,0,1,0,0,NaN,NaN,1
429,0.65,3,4,2,0.398478192999391,2,45,5,4,0.505346939000447,1,1,0.398478192999391,4,0,1,0,0,NaN,NaN,1
739,1.4,1,8,2,0.400756419001482,2,355,9,3,0.304903114998524,4,1,0.400756419001482,3,0,1,0,0,NaN,NaN,1
537,1.4,1,4,1,0.672437200999411,1,153,4,4,0.161014122999404,4,1,0.672437200999411,4,1,0,0,0,0.707106781186547,-0.707106781186548,1
387,1.4,1,4,2,0.401967033001711,1,3,1,4,0.168150296998647,1,0,NaN,NaN,0,0,0,1,0.707106781186548,0.707106781186547,1
447,1.4,1,4,2,0.502933387000667,2,63,5,4,0.340912657000445,2,1,0.502933387000667,4,0,1,0,0,NaN,NaN,1
700,1.4,3,8,2,1.50112505200013,1,316,5,3,0.133934831999795,3,0,NaN,NaN,0,0,0,1,-0.923879532511287,-0.38268343236509,1
572,1.4,3,4,2,0.401811088999239,2,188,5,4,0.158921420999832,4,1,0.401811088999239,4,0,1,0,0,NaN,NaN,1
637,1.4,1,8,2,0.501622424000743,2,253,9,2,0.436124325999117,2,1,0.501622424000743,2,0,1,0,0,NaN,NaN,1
538,1.4,1,4,1,0.976088538000113,1,154,4,4,0.510691650000808,4,1,0.976088538000113,4,1,0,0,0,0.707106781186547,-0.707106781186548,1
524,1.4,3,4,1,1.37515564000023,2,140,5,3,0.471492467000644,3,0,NaN,NaN,0,0,1,0,NaN,NaN,1
675,1.4,1,8,2,1.20796811999935,1,291,5,3,0.138278361999255,3,0,NaN,NaN,0,0,0,1,-0.923879532511287,-0.38268343236509,1
761,0.65,3,8,1,0.569363669001177,2,377,12,4,0.503411436999158,4,0,NaN,NaN,0,0,1,0,NaN,NaN,1
649,0.65,3,8,2,1.30521748999854,1,265,3,2,0.266924867999478,2,0,NaN,NaN,0,0,0,1,-0.38268343236509,0.923879532511287,1
477,0.65,3,4,2,0.50220412499948,2,93,5,4,0.158680997999909,2,1,0.50220412499948,4,0,1,0,0,NaN,NaN,1
408,1.4,1,4,2,0.599843048001276,2,24,8,4,0.159376775000055,1,1,0.599843048001276,4,0,1,0,0,NaN,NaN,1
713,0.65,3,8,2,0.602199779999864,2,329,9,2,0.0959744619995035,3,1,0.602199779999864,2,0,1,0,0,NaN,NaN,1
565,0.65,3,4,2,0.702064596000127,2,181,7,4,0.161273274999985,4,1,0.702064596000127,4,0,1,0,0,NaN,NaN,1
757,0.65,3,8,2,1.60586560699994,2,373,16,2,0.0929857829996763,4,1,1.60586560699994,2,0,1,0,0,NaN,NaN,1
631,1.4,1,8,1,0.566132255999037,1,247,4,4,0.169177916999615,2,1,0.566132255999037,4,1,0,0,0,-0.923879532511287,0.38268343236509,1
438,1.4,1,4,1,0.574579251999239,1,54,2,4,0.164955763999387,2,1,0.574579251999239,4,1,0,0,0,-0.707106781186547,0.707106781186548,1
416,1.4,3,4,1,1.07523828199919,1,32,1,4,0.844454961001247,1,1,1.07523828199919,4,1,0,0,0,0.707106781186548,0.707106781186547,1
172,1.4,3,4,1,1.96098597200034,1,172,4,2,0.437819063999996,4,1,1.96098597200034,2,1,0,0,0,0.707106781186547,-0.707106781186548,1
3,0.65,1,4,1,0.468293967998761,1,3,1,4,0.158820871998614,1,1,0.468293967998761,4,1,0,0,0,0.707106781186548,0.707106781186547,1
118,0.65,1,4,2,0.901907892000963,2,118,6,4,0.171539079001377,3,1,0.901907892000963,4,0,1,0,0,NaN,NaN,1
101,0.65,1,4,1,0.472120589000042,1,101,3,4,0.501959375000297,3,1,0.472120589000042,4,1,0,0,0,-0.707106781186548,-0.707106781186547,1
59,0.65,1,4,1,0.57565795499977,1,59,2,4,0.170876293001129,2,1,0.57565795499977,4,1,0,0,0,-0.707106781186547,0.707106781186548,1
18,0.65,1,4,2,0.50073309400068,2,18,7,4,0.170666850000998,1,1,0.50073309400068,4,0,1,0,0,NaN,NaN,1
149,0.65,1,4,1,0.467886434998945,1,149,4,4,0.159709772000497,4,1,0.467886434998945,4,1,0,0,0,0.707106781186547,-0.707106781186548,1
4,0.65,1,4,1,0.967881840999326,1,4,1,4,0.169800163001128,1,1,0.967881840999326,4,1,0,0,0,0.707106781186548,0.707106781186547,1
21,0.65,1,4,2,0.702177131001008,2,21,8,4,0.670364018000328,1,1,0.702177131001008,4,0,1,0,0,NaN,NaN,1
195,0.65,1,8,1,1.07161900199935,1,195,1,4,0.158975140000621,1,1,1.07161900199935,4,1,0,0,0,0.923879532511287,0.38268343236509,1
164,0.65,1,4,2,0.70057467100014,2,164,8,4,0.166228866999518,4,1,0.70057467100014,4,0,1,0,0,NaN,NaN,1
28,1.4,3,4,1,0.669518779999635,1,28,1,4,0.159871818999818,1,1,0.669518779999635,4,1,0,0,0,0.707106781186548,0.707106781186547,1
20,0.65,1,4,2,0.601219284000763,2,20,6,4,0.841788362000443,1,1,0.601219284000763,4,0,1,0,0,NaN,NaN,1
228,1.4,3,8,1,0.364987052000288,1,228,2,4,0.158718348000548,1,1,0.364987052000288,4,1,0,0,0,0.38268343236509,0.923879532511287,1
317,0.65,3,8,2,0.599637847000849,1,317,5,2,0.10470395899938,3,0,NaN,NaN,0,0,0,1,-0.923879532511287,-0.38268343236509,1
301,0.65,1,8,2,0.601922630999979,2,301,10,2,0.271348513999328,3,1,0.601922630999979,2,0,1,0,0,NaN,NaN,1
14,0.65,1,4,2,0.911113483000008,2,14,5,4,1.03994800500004,1,1,0.911113483000008,4,0,1,0,0,NaN,NaN,1
225,0.65,3,8,1,0.666724650000106,1,225,2,4,0.170624454000063,1,1,0.666724650000106,4,1,0,0,0,0.38268343236509,0.923879532511287,1
9,0.65,1,4,1,0.366199980999227,1,9,1,4,0.172264415999962,1,1,0.366199980999227,4,1,0,0,0,0.707106781186548,0.707106781186547,1
99,0.65,1,4,1,0.566377323000779,1,99,3,4,0.161491998000201,3,1,0.566377323000779,4,1,0,0,0,-0.707106781186548,-0.707106781186547,1
288,1.4,3,8,2,0.899180819998946,2,288,11,3,0.300441493000108,2,1,0.899180819998946,3,0,1,0,0,NaN,NaN,1
336,1.4,3,8,2,0.398856911000621,2,336,15,2,0.435315730999719,3,1,0.398856911000621,2,0,1,0,0,NaN,NaN,1
376,1.4,3,8,2,0.904200208000475,2,376,12,3,0.476842988999124,4,1,0.904200208000475,3,0,1,0,0,NaN,NaN,1
54,0.65,1,4,1,0.864588522999838,1,54,2,4,0.169916580998688,2,1,0.864588522999838,4,1,0,0,0,-0.707106781186547,0.707106781186548,1
11,0.65,1,4,1,0.666999433000456,1,11,1,4,0.16674877100013,1,1,0.666999433000456,4,1,0,0,0,0.707106781186548,0.707106781186547,1
53,0.65,1,4,1,0.564462459999049,1,53,2,4,0.173669908999727,2,1,0.564462459999049,4,1,0,0,0,-0.707106781186547,0.707106781186548,1
215,0.65,1,8,2,1.6137257399987,2,215,13,3,0.128964868999901,1,1,1.6137257399987,3,0,1,0,0,NaN,NaN,1
232,1.4,3,8,2,0.702520669001387,2,232,14,3,0.305878907000078,1,1,0.702520669001387,3,0,1,0,0,NaN,NaN,1
224,1.4,3,8,1,0.371268429000338,1,224,2,4,0.176263452000057,1,1,0.371268429000338,4,1,0,0,0,0.38268343236509,0.923879532511287,1
229,0.65,3,8,2,1.30530747000012,2,229,12,3,0.969502193998778,1,1,1.30530747000012,3,0,1,0,0,NaN,NaN,1
206,0.65,1,8,2,0.400834054998995,2,206,14,4,0.674597498000367,1,1,0.400834054998995,4,0,1,0,0,NaN,NaN,1
193,0.65,1,8,1,0.467586328000834,1,193,1,4,0.158969055000853,1,1,0.467586328000834,4,1,0,0,0,0.923879532511287,0.38268343236509,1
307,0.65,1,8,2,1.10320757699992,2,307,14,4,0.159291215000849,3,1,1.10320757699992,4,0,1,0,0,NaN,NaN,1
121,0.65,3,4,1,0.674217854000744,1,121,3,4,0.170370673999059,3,1,0.674217854000744,4,1,0,0,0,-0.707106781186548,-0.707106781186547,1
253,0.65,1,8,2,0.906621461001123,2,253,11,4,0.173705347000578,2,1,0.906621461001123,4,0,1,0,0,NaN,NaN,1
329,0.65,3,8,2,1.10325328900035,2,329,11,3,0.133262310000646,3,1,1.10325328900035,3,0,1,0,0,NaN,NaN,1
88,1.4,3,4,2,1.10206527500122,2,88,8,4,0.167779949999385,2,1,1.10206527500122,4,0,1,0,0,NaN,NaN,1
97,0.65,1,4,1,0.767803013999583,1,97,3,4,0.159002640000836,3,1,0.767803013999583,4,1,0,0,0,-0.707106781186548,-0.707106781186547,1
140,1.4,3,4,2,1.13766239500001,2,140,5,4,0.503745867999896,3,1,1.13766239500001,4,0,1,0,0,NaN,NaN,1
354,0.65,1,8,2,0.599738032000459,2,354,15,4,0.501568346000568,4,1,0.599738032000459,4,0,1,0,0,NaN,NaN,1
153,0.65,1,4,1,0.376579857000252,1,153,4,4,0.160167080000974,4,1,0.376579857000252,4,1,0,0,0,0.707106781186547,-0.707106781186548,1
29,0.65,3,4,1,0.464309586999661,1,29,1,4,0.15861379099988,1,1,0.464309586999661,4,1,0,0,0,0.707106781186548,0.707106781186547,1
373,0.65,3,8,2,0.49932975900083,2,373,15,4,0.343844418001026,4,1,0.49932975900083,4,0,1,0,0,NaN,NaN,1
339,0.65,1,8,2,0.90141158500046,1,339,7,4,0.158328192001136,4,0,NaN,NaN,0,0,0,1,0.38268343236509,-0.923879532511287,1
144,1.4,3,4,1,0.567325057001653,2,144,6,1,1.24770382300085,3,0,NaN,NaN,0,0,1,0,NaN,NaN,1
289,0.65,1,8,2,1.19603832600114,1,289,5,3,0.141316830000505,3,0,NaN,NaN,0,0,0,1,-0.923879532511287,-0.38268343236509,1
208,0.65,1,8,2,1.60584151700095,2,208,16,3,0.644154142999469,1,1,1.60584151700095,3,0,1,0,0,NaN,NaN,1
72,0.65,1,4,2,1.00035917500099,2,72,7,4,0.337139138000566,2,1,1.00035917500099,4,0,1,0,0,NaN,NaN,1
260,0.65,1,8,2,2.00911321999956,2,260,12,4,0.339981720000651,2,1,2.00911321999956,4,0,1,0,0,NaN,NaN,1
5,0.65,1,4,1,1.06946768099988,1,5,1,4,0.501369109000734,1,1,1.06946768099988,4,1,0,0,0,0.707106781186548,0.707106781186547,1
245,0.65,1,8,1,0.56610421699952,1,245,3,4,0.159214934999909,2,1,0.56610421699952,4,1,0,0,0,-0.38268343236509,0.923879532511287,1
81,0.65,3,4,1,0.373217960999682,1,81,2,4,0.159189050998975,2,1,0.373217960999682,4,1,0,0,0,-0.707106781186547,0.707106781186548,1
342,0.65,1,8,2,2.30502058999991,1,342,7,3,0.133869020999555,4,0,NaN,NaN,0,0,0,1,0.38268343236509,-0.923879532511287,1
199,0.65,1,8,1,2.77277797500028,1,199,2,3,0.473789235998993,1,1,2.77277797500028,3,1,0,0,0,0.38268343236509,0.923879532511287,1
292,0.65,1,8,1,0.467005679000067,1,292,5,4,0.869621837000523,3,1,0.467005679000067,4,1,0,0,0,-0.923879532511287,-0.38268343236509,1
158,0.65,1,4,2,0.39901531400028,2,158,8,4,0.170901623001555,4,1,0.39901531400028,4,0,1,0,0,NaN,NaN,1
44,1.4,3,4,2,0.399155312999937,2,44,5,4,0.170045934999507,1,1,0.399155312999937,4,0,1,0,0,NaN,NaN,1
284,1.4,3,8,2,1.10323316299946,2,284,15,4,0.340930158999981,2,1,1.10323316299946,4,0,1,0,0,NaN,NaN,1
248,0.65,1,8,1,0.770587477998561,1,248,4,4,0.680802867000239,2,1,0.770587477998561,4,1,0,0,0,-0.923879532511287,0.38268343236509,1
324,1.4,3,8,2,1.4053030440009,1,324,6,3,0.131594555999982,3,0,NaN,NaN,0,0,0,1,-0.38268343236509,-0.923879532511287,1
262,0.65,1,8,2,0.91134895200048,2,262,13,2,0.267840548000095,2,1,0.91134895200048,2,0,1,0,0,NaN,NaN,1
93,0.65,3,4,2,0.505725293998694,2,93,5,4,0.16710861699903,2,1,0.505725293998694,4,0,1,0,0,NaN,NaN,1
1,0.65,1,4,1,0.870091102000515,1,1,1,4,0.166238638999857,1,1,0.870091102000515,4,1,0,0,0,0.707106781186548,0.707106781186547,1
108,0.65,1,4,1,0.571925393998754,1,108,3,4,0.672909471000821,3,1,0.571925393998754,4,1,0,0,0,-0.707106781186548,-0.707106781186547,1
98,0.65,1,4,1,0.570654889999787,1,98,3,4,0.160244303000582,3,1,0.570654889999787,4,1,0,0,0,-0.707106781186548,-0.707106781186547,1
103,0.65,1,4,1,0.373176602000967,1,103,3,4,0.167058772000019,3,1,0.373176602000967,4,1,0,0,0,-0.707106781186548,-0.707106781186547,1
23,0.65,1,4,2,0.702786731000742,2,23,7,4,0.173718490999818,1,1,0.702786731000742,4,0,1,0,0,NaN,NaN,1
128,1.4,3,4,1,0.669701990000249,1,128,3,4,0.158837954000774,3,1,0.669701990000249,4,1,0,0,0,-0.707106781186548,-0.707106781186547,1
69,0.65,1,4,2,0.679424042000392,2,69,6,4,0.336995061999914,2,1,0.679424042000392,4,0,1,0,0,NaN,NaN,1
117,0.65,1,4,2,0.600129922000633,2,117,5,4,0.344240323000122,3,1,0.600129922000633,4,0,1,0,0,NaN,NaN,1
320,1.4,3,8,2,0.50432311700024,1,320,6,4,1.85253439699954,3,0,NaN,NaN,0,0,0,1,-0.38268343236509,-0.923879532511287,1
49,0.65,1,4,1,0.471800281000469,1,49,2,4,0.168636780999805,2,1,0.471800281000469,4,1,0,0,0,-0.707106781186547,0.707106781186548,1
240,1.4,3,8,2,0.900708310000482,2,240,12,3,0.133606760000475,1,1,0.900708310000482,3,0,1,0,0,NaN,NaN,1
36,1.4,3,4,1,0.668442029000289,1,36,1,4,0.159444006998456,1,1,0.668442029000289,4,1,0,0,0,0.707106781186548,0.707106781186547,1
89,0.65,3,4,2,1.90737795899986,2,89,7,4,0.159081486999639,2,1,1.90737795899986,4,0,1,0,0,NaN,NaN,1
716,1.4,3,8,2,1.10281385799863,2,332,11,3,0.635427692999656,3,1,1.10281385799863,3,0,1,0,0,NaN,NaN,1
421,0.65,3,4,2,0.400457724999796,2,37,5,4,0.165541252999901,1,1,0.400457724999796,4,0,1,0,0,NaN,NaN,1
729,1.4,1,8,1,0.569319633999839,1,345,8,4,0.162581848000627,4,1,0.569319633999839,4,1,0,0,0,0.923879532511287,-0.38268343236509,1
550,1.4,1,4,2,3.10570325299886,2,166,5,2,2.26655069099979,4,1,3.10570325299886,2,0,1,0,0,NaN,NaN,1
693,1.4,1,8,2,0.910142176000591,2,309,9,4,0.331182089999857,3,1,0.910142176000591,4,0,1,0,0,NaN,NaN,1
495,1.4,1,4,2,0.800274733999686,2,111,8,4,0.16566788199998,3,1,0.800274733999686,4,0,1,0,0,NaN,NaN,1
465,0.65,3,4,1,1.06768762899992,1,81,2,4,0.339445407000312,2,1,1.06768762899992,4,1,0,0,0,-0.707106781186547,0.707106781186548,1
464,1.4,3,4,1,1.47646988299857,1,80,2,4,1.34060060299998,2,1,1.47646988299857,4,1,0,0,0,-0.707106781186547,0.707106781186548,1
626,1.4,1,8,1,0.866738496000835,1,242,3,4,0.163942999999563,2,1,0.866738496000835,4,1,0,0,0,-0.38268343236509,0.923879532511287,1
636,1.4,1,8,1,1.17525933999968,1,252,4,4,0.166610332000346,2,1,1.17525933999968,4,1,0,0,0,-0.923879532511287,0.38268343236509,1
646,1.4,1,8,2,0.905270723000285,2,262,14,4,0.337223223999899,2,1,0.905270723000285,4,0,1,0,0,NaN,NaN,1
385,1.4,1,4,1,0.86778929600041,1,1,1,4,0.167394535999847,1,1,0.86778929600041,4,1,0,0,0,0.707106781186548,0.707106781186547,1
443,1.4,1,4,1,1.07042851000006,1,59,2,4,0.168105332999403,2,1,1.07042851000006,4,1,0,0,0,-0.707106781186547,0.707106781186548,1
744,1.4,1,8,2,1.30681287600055,2,360,16,4,0.333533360999354,4,1,1.30681287600055,4,0,1,0,0,NaN,NaN,1
390,1.4,1,4,1,0.96686449399931,1,6,1,4,0.158978527999352,1,1,0.96686449399931,4,1,0,0,0,0.707106781186548,0.707106781186547,1
678,1.4,1,8,2,1.71122742599982,1,294,5,2,0.267416335000235,3,0,NaN,NaN,0,0,0,1,-0.923879532511287,-0.38268343236509,1
701,0.65,3,8,2,0.80263196299893,1,317,5,3,0.302636211999925,3,0,NaN,NaN,0,0,0,1,-0.923879532511287,-0.38268343236509,1
682,1.4,1,8,2,1.00505192899982,1,298,6,2,0.10153605800042,3,0,NaN,NaN,0,0,0,1,-0.38268343236509,-0.923879532511287,1
749,0.65,3,8,2,1.09870395199869,1,365,7,2,0.309720287001255,4,0,NaN,NaN,0,0,0,1,0.38268343236509,-0.923879532511287,1
692,1.4,1,8,2,1.11164074999942,2,308,10,2,0.0930965110001125,3,1,1.11164074999942,2,0,1,0,0,NaN,NaN,1
453,1.4,1,4,2,0.602221084000121,2,69,5,4,0.168742585001382,2,1,0.602221084000121,4,0,1,0,0,NaN,NaN,1
386,1.4,1,4,1,0.667273369001123,1,2,1,4,0.158552410999619,1,1,0.667273369001123,4,1,0,0,0,0.707106781186548,0.707106781186547,1
632,1.4,1,8,1,0.967359067000871,1,248,4,4,0.168984128000375,2,1,0.967359067000871,4,1,0,0,0,-0.923879532511287,0.38268343236509,1
599,1.4,1,8,1,1.37573727399831,2,215,9,4,3.36713966999923,1,0,NaN,NaN,0,0,1,0,NaN,NaN,1
569,0.65,3,4,2,0.400871116999042,2,185,8,4,0.169373024000379,4,1,0.400871116999042,4,0,1,0,0,NaN,NaN,1
680,1.4,1,8,2,0.403749744999004,1,296,6,4,0.170362430999376,3,0,NaN,NaN,0,0,0,1,-0.38268343236509,-0.923879532511287,1
613,0.65,3,8,2,1.00383119999969,2,229,12,3,0.136807007998868,1,1,1.00383119999969,3,0,1,0,0,NaN,NaN,1
712,1.4,3,8,2,0.500851614000567,2,328,16,4,0.337479666000945,3,1,0.500851614000567,4,0,1,0,0,NaN,NaN,1
433,1.4,1,4,1,0.667418883998835,1,49,2,4,0.169048011999621,2,1,0.667418883998835,4,1,0,0,0,-0.707106781186547,0.707106781186548,1
696,1.4,1,8,2,0.905816352998954,2,312,11,3,0.970750342999963,3,1,0.905816352998954,3,0,1,0,0,NaN,NaN,1
533,1.4,1,4,1,0.771686795998903,1,149,4,4,0.334632103998956,4,1,0.771686795998903,4,1,0,0,0,0.707106781186547,-0.707106781186548,1
735,1.4,1,8,2,0.305786871000237,2,351,14,3,0.636523338000188,4,1,0.305786871000237,3,0,1,0,0,NaN,NaN,1
485,1.4,1,4,1,0.566941666000275,1,101,3,4,0.174053729000661,3,1,0.566941666000275,4,1,0,0,0,-0.707106781186548,-0.707106781186547,1
531,1.4,1,4,1,0.870628304999627,1,147,4,4,0.158491143998617,4,1,0.870628304999627,4,1,0,0,0,0.707106781186547,-0.707106781186548,1
672,1.4,3,8,2,0.601556834999428,2,288,13,2,1.27690752300077,2,1,0.601556834999428,2,0,1,0,0,NaN,NaN,1
446,1.4,1,4,2,0.597436342999572,2,62,5,4,0.159522321000622,2,1,0.597436342999572,4,0,1,0,0,NaN,NaN,1
648,1.4,1,8,2,0.800960516999112,2,264,14,3,0.133675511000547,2,1,0.800960516999112,3,0,1,0,0,NaN,NaN,1
441,1.4,1,4,1,1.37314384400088,1,57,2,4,0.168419665000329,2,1,1.37314384400088,4,1,0,0,0,-0.707106781186547,0.707106781186548,1
396,1.4,1,4,1,1.46877243299969,1,12,1,4,0.16684406099921,1,1,1.46877243299969,4,1,0,0,0,0.707106781186548,0.707106781186547,1
605,0.65,3,8,1,1.58834543900048,1,221,1,4,0.503359676999025,1,1,1.58834543900048,4,1,0,0,0,0.923879532511287,0.38268343236509,1
723,1.4,1,8,2,0.602354622000348,1,339,7,3,0.479126843998529,4,0,NaN,NaN,0,0,0,1,0.38268343236509,-0.923879532511287,1
589,1.4,1,8,1,1.46798108499934,2,205,13,3,1.31759839299957,1,0,NaN,NaN,0,0,1,0,NaN,NaN,1
500,1.4,1,4,2,0.820842720999281,2,116,8,4,0.182352203000846,3,1,0.820842720999281,4,0,1,0,0,NaN,NaN,1
748,1.4,3,8,1,1.1679029930001,1,364,7,4,0.335201005000272,4,1,1.1679029930001,4,1,0,0,0,0.38268343236509,-0.923879532511287,1
738,1.4,1,8,2,0.906880783999441,2,354,13,2,0.0925386029994115,4,1,0.906880783999441,2,0,1,0,0,NaN,NaN,1
731,1.4,1,8,2,1.00519529399935,1,347,8,3,0.125493277000714,4,0,NaN,NaN,0,0,0,1,0.923879532511287,-0.38268343236509,1
501,1.4,1,4,2,0.601565688999472,2,117,8,4,0.17096624900114,3,1,0.601565688999472,4,0,1,0,0,NaN,NaN,1
764,1.4,3,8,2,2.81490167000084,2,380,16,4,0.159279020999747,4,1,2.81490167000084,4,0,1,0,0,NaN,NaN,1
460,1.4,3,4,1,0.767068928000299,1,76,2,4,0.158994009998423,2,1,0.767068928000299,4,1,0,0,0,-0.707106781186547,0.707106781186548,1
389,1.4,1,4,1,0.471694748999653,1,5,1,4,0.169277648999923,1,1,0.471694748999653,4,1,0,0,0,0.707106781186548,0.707106781186547,1
627,1.4,1,8,1,0.365958968999621,1,243,3,4,0.158996820000539,2,1,0.365958968999621,4,1,0,0,0,-0.38268343236509,0.923879532511287,1
643,1.4,1,8,2,0.801999893999891,2,259,13,3,1.13968026599832,2,1,0.801999893999891,3,0,1,0,0,NaN,NaN,1
437,1.4,1,4,1,0.465477997999187,1,53,2,4,0.159293664999495,2,1,0.465477997999187,4,1,0,0,0,-0.707106781186547,0.707106781186548,1
765,0.65,3,8,1,0.970250270000179,2,381,12,2,1.43867936999959,4,0,NaN,NaN,0,0,1,0,NaN,NaN,1
742,1.4,1,8,2,0.903202904999489,2,358,9,2,0.602349455999502,4,1,0.903202904999489,2,0,1,0,0,NaN,NaN,1
392,1.4,1,4,1,0.568157581999913,1,8,1,4,0.160105162998661,1,1,0.568157581999913,4,1,0,0,0,0.707106781186548,0.707106781186547,1
745,0.65,3,8,2,1.60478176099969,1,361,7,3,1.3100868090005,4,0,NaN,NaN,0,0,0,1,0.38268343236509,-0.923879532511287,1
417,0.65,3,4,NaN,4.01993479699922,1,33,1,NaN,4.03553678900062,1,0,NaN,NaN,0,0,0,0,0.707106781186548,0.707106781186547,1
669,0.65,3,8,1,1.17052012899876,2,285,16,3,0.4678418099993,2,0,NaN,NaN,0,0,1,0,NaN,NaN,1
444,1.4,1,4,1,0.4651656799997,1,60,2,4,0.159861858999648,2,1,0.4651656799997,4,1,0,0,0,-0.707106781186547,0.707106781186548,1
633,1.4,1,8,1,0.470414835001066,1,249,4,4,0.15920710499995,2,1,0.470414835001066,4,1,0,0,0,-0.923879532511287,0.38268343236509,1
489,1.4,1,4,1,0.368057046000104,1,105,3,4,0.159283502998733,3,1,0.368057046000104,4,1,0,0,0,-0.707106781186548,-0.707106781186547,1
413,0.65,3,4,2,0.109133327001473,1,29,1,3,0.982778591000169,1,0,NaN,NaN,0,0,0,1,0.707106781186548,0.707106781186547,1
545,1.4,1,4,2,0.602218285999697,2,161,6,4,0.673846329998923,4,1,0.602218285999697,4,0,1,0,0,NaN,NaN,1
448,1.4,1,4,2,0.502255249999507,2,64,7,4,0.166930972998671,2,1,0.502255249999507,4,0,1,0,0,NaN,NaN,1
697,0.65,3,8,2,0.705165991001195,1,313,5,3,0.130653399000948,3,0,NaN,NaN,0,0,0,1,-0.923879532511287,-0.38268343236509,1
404,1.4,1,4,2,0.808398264000061,2,20,5,4,0.159895726001196,1,1,0.808398264000061,4,0,1,0,0,NaN,NaN,1
490,1.4,1,4,1,0.672879146999549,1,106,3,4,0.159383276999506,3,1,0.672879146999549,4,1,0,0,0,-0.707106781186548,-0.707106781186547,1
593,1.4,1,8,2,2.71406372100137,2,209,15,3,1.32335372800117,1,1,2.71406372100137,3,0,1,0,0,NaN,NaN,1
734,1.4,1,8,2,2.52167087899943,2,350,16,3,0.302533312000378,4,1,2.52167087899943,3,0,1,0,0,NaN,NaN,1
412,1.4,3,4,1,0.568417206999584,1,28,1,4,0.204529997999998,1,1,0.568417206999584,4,1,0,0,0,0.707106781186548,0.707106781186547,1
63,0.65,1,4,2,0.701022600000215,2,63,6,4,0.169372749000104,2,1,0.701022600000215,4,0,1,0,0,NaN,NaN,1
22,0.65,1,4,2,0.399003955999433,2,22,6,4,0.159793081000316,1,1,0.399003955999433,4,0,1,0,0,NaN,NaN,1
60,0.65,1,4,1,1.17351793700072,1,60,2,4,0.507329853000556,2,1,1.17351793700072,4,1,0,0,0,-0.707106781186547,0.707106781186548,1
189,0.65,3,4,2,0.700562433999949,2,189,6,4,0.158212817001186,4,1,0.700562433999949,4,0,1,0,0,NaN,NaN,1
241,0.65,1,8,1,0.970833762999973,1,241,3,4,0.16994990800049,2,1,0.970833762999973,4,1,0,0,0,-0.38268343236509,0.923879532511287,1
145,0.65,1,4,1,0.667772945000252,1,145,4,4,0.168879034999918,4,1,0.667772945000252,4,1,0,0,0,0.707106781186547,-0.707106781186548,1
377,0.65,3,8,2,1.00608891699994,2,377,15,2,0.101005357999384,4,1,1.00608891699994,2,0,1,0,0,NaN,NaN,1
351,0.65,1,8,2,1.00616075399921,2,351,16,2,0.43808466200062,4,1,1.00616075399921,2,0,1,0,0,NaN,NaN,1
233,0.65,3,8,2,0.901532565998423,2,233,16,4,0.170038370000839,1,1,0.901532565998423,4,0,1,0,0,NaN,NaN,1
295,0.65,1,8,1,0.565363997000532,1,295,6,4,0.159254428999702,3,1,0.565363997000532,4,1,0,0,0,-0.38268343236509,-0.923879532511287,1
165,0.65,1,4,2,0.508126955999614,2,165,7,4,0.168637765000312,4,1,0.508126955999614,4,0,1,0,0,NaN,NaN,1
358,0.65,1,8,2,0.502192230998844,2,358,12,3,2.67085771399979,4,1,0.502192230998844,3,0,1,0,0,NaN,NaN,1
25,0.65,3,4,1,0.570411863000118,1,25,1,4,0.161029238999618,1,1,0.570411863000118,4,1,0,0,0,0.707106781186548,0.707106781186547,1
381,0.65,3,8,1,1.99683460699998,2,381,9,4,0.158014534999893,4,0,NaN,NaN,0,0,1,0,NaN,NaN,1
309,0.65,1,8,2,2.01032148800005,2,309,13,3,0.805628795000302,3,1,2.01032148800005,3,0,1,0,0,NaN,NaN,1
197,0.65,1,8,1,0.569078635000551,1,197,1,4,0.339117737999914,1,1,0.569078635000551,4,1,0,0,0,0.923879532511287,0.38268343236509,1
169,0.65,3,4,1,0.567602921999423,1,169,4,4,0.170014740000624,4,1,0.567602921999423,4,1,0,0,0,0.707106781186547,-0.707106781186548,1
277,0.65,3,8,2,0.80441819799853,2,277,16,4,0.502275143000588,2,1,0.80441819799853,4,0,1,0,0,NaN,NaN,1
180,1.4,3,4,1,0.469448718000422,1,180,4,4,0.669129562998933,4,1,0.469448718000422,4,1,0,0,0,0.707106781186547,-0.707106781186548,1
166,0.65,1,4,2,0.602566955998554,2,166,6,4,0.170283052999366,4,1,0.602566955998554,4,0,1,0,0,NaN,NaN,1
61,0.65,1,4,2,1.40635384400048,2,61,5,4,0.156430470000487,2,1,1.40635384400048,4,0,1,0,0,NaN,NaN,1
305,0.65,1,8,2,0.907400292999228,2,305,10,3,0.472438769000291,3,1,0.907400292999228,3,0,1,0,0,NaN,NaN,1
184,1.4,3,4,2,0.401238958000249,2,184,6,4,0.167499883000346,4,1,0.401238958000249,4,0,1,0,0,NaN,NaN,1
237,0.65,3,8,2,0.802589955999792,2,237,16,4,0.166517667999869,1,1,0.802589955999792,4,0,1,0,0,NaN,NaN,1
341,0.65,1,8,2,0.80581567399895,1,341,7,3,0.473603742000705,4,0,NaN,NaN,0,0,0,1,0.38268343236509,-0.923879532511287,1
361,0.65,3,8,2,0.801446510999085,1,361,7,3,0.636738363999029,4,0,NaN,NaN,0,0,0,1,0.38268343236509,-0.923879532511287,1
115,0.65,1,4,2,0.506630869998844,2,115,8,4,0.159034060001431,3,1,0.506630869998844,4,0,1,0,0,NaN,NaN,1
129,0.65,3,4,1,0.567381409999143,1,129,3,4,0.341716597000413,3,1,0.567381409999143,4,1,0,0,0,-0.707106781186548,-0.707106781186547,1
85,0.65,3,4,2,0.700087905999681,2,85,6,4,0.159911083999759,2,1,0.700087905999681,4,0,1,0,0,NaN,NaN,1
325,0.65,3,8,2,0.401769822999995,2,325,16,4,0.343538610000905,3,1,0.401769822999995,4,0,1,0,0,NaN,NaN,1
202,0.65,1,8,1,0.46998062000057,1,202,2,4,0.172195316999932,1,1,0.46998062000057,4,1,0,0,0,0.38268343236509,0.923879532511287,1
66,0.65,1,4,2,0.402226063999478,2,66,7,4,0.160899659000279,2,1,0.402226063999478,4,0,1,0,0,NaN,NaN,1
268,1.4,3,8,1,0.47158113200021,1,268,3,4,0.159281980000742,2,1,0.47158113200021,4,1,0,0,0,-0.38268343236509,0.923879532511287,1
102,0.65,1,4,1,0.469015732000116,1,102,3,4,0.348298099001113,3,1,0.469015732000116,4,1,0,0,0,-0.707106781186548,-0.707106781186547,1
264,0.65,1,8,2,0.503125439001451,2,264,11,4,0.673114384000655,2,1,0.503125439001451,4,0,1,0,0,NaN,NaN,1
80,1.4,3,4,1,0.768841609000447,1,80,2,4,0.511869078000018,2,1,0.768841609000447,4,1,0,0,0,-0.707106781186547,0.707106781186548,1
209,0.65,1,8,2,0.501254814998902,2,209,14,3,0.300895321001008,1,1,0.501254814998902,3,0,1,0,0,NaN,NaN,1
350,0.65,1,8,NaN,4.0236608819996,2,350,10,4,0.839124562000507,4,0,NaN,NaN,0,0,0,0,NaN,NaN,1
254,0.65,1,8,2,0.499956623998514,2,254,9,4,0.168513029999303,2,1,0.499956623998514,4,0,1,0,0,NaN,NaN,1
263,0.65,1,8,2,0.904583565999928,2,263,16,3,0.639913045999492,2,1,0.904583565999928,3,0,1,0,0,NaN,NaN,1
167,0.65,1,4,2,0.398977621000085,2,167,8,4,0.168515461000425,4,1,0.398977621000085,4,0,1,0,0,NaN,NaN,1
70,0.65,1,4,1,0.568780800000241,2,70,6,1,0.907498393000424,2,0,NaN,NaN,0,0,1,0,NaN,NaN,1
67,0.65,1,4,2,0.402296420999846,2,67,5,4,0.162042185000246,2,1,0.402296420999846,4,0,1,0,0,NaN,NaN,1
346,0.65,1,8,2,0.908522899000673,1,346,8,3,0.635468786000274,4,0,NaN,NaN,0,0,0,1,0.923879532511287,-0.38268343236509,1
256,0.65,1,8,2,0.506313251000392,2,256,12,3,1.3339123730002,2,1,0.506313251000392,3,0,1,0,0,NaN,NaN,1
141,0.65,3,4,2,0.507453322999936,2,141,7,4,0.505849786999534,3,1,0.507453322999936,4,0,1,0,0,NaN,NaN,1
321,0.65,3,8,2,0.50555646400062,1,321,6,4,0.170193796000603,3,0,NaN,NaN,0,0,0,1,-0.38268343236509,-0.923879532511287,1
359,0.65,1,8,2,0.399780398000075,2,359,12,3,0.641710961001081,4,1,0.399780398000075,3,0,1,0,0,NaN,NaN,1
214,0.65,1,8,2,0.603708803999325,2,214,11,3,0.635619819999192,1,1,0.603708803999325,3,0,1,0,0,NaN,NaN,1
349,0.65,1,8,2,1.00689837999926,2,349,15,2,0.940976285999568,4,1,1.00689837999926,2,0,1,0,0,NaN,NaN,1
133,0.65,3,4,2,0.406022594001115,2,133,5,4,0.159814410000763,3,1,0.406022594001115,4,0,1,0,0,NaN,NaN,1
207,0.65,1,8,2,1.41655355100011,2,207,13,3,0.135225886000626,1,1,1.41655355100011,3,0,1,0,0,NaN,NaN,1
272,1.4,3,8,1,0.966396829999212,1,272,4,4,0.166970213000241,2,1,0.966396829999212,4,1,0,0,0,-0.923879532511287,0.38268343236509,1
257,0.65,1,8,2,0.907675389998985,2,257,11,3,0.13622961100009,2,1,0.907675389998985,3,0,1,0,0,NaN,NaN,1
12,0.65,1,4,1,0.777528360998986,1,12,1,4,0.165672261999134,1,1,0.777528360998986,4,1,0,0,0,0.707106781186548,0.707106781186547,1
252,0.65,1,8,1,0.467599865998636,1,252,4,4,0.171323725000548,2,1,0.467599865998636,4,1,0,0,0,-0.923879532511287,0.38268343236509,1
294,0.65,1,8,2,0.906687831999079,1,294,5,2,0.266745843000535,3,0,NaN,NaN,0,0,0,1,-0.923879532511287,-0.38268343236509,1
365,0.65,3,8,2,1.00419611100006,1,365,7,3,0.137426161998519,4,0,NaN,NaN,0,0,0,1,0.38268343236509,-0.923879532511287,1
372,1.4,3,8,2,1.22092370000064,1,372,8,4,0.159846508000555,4,0,NaN,NaN,0,0,0,1,0.923879532511287,-0.38268343236509,1
73,0.65,3,4,1,0.773325603000558,1,73,2,4,0.166576735999115,2,1,0.773325603000558,4,1,0,0,0,-0.707106781186547,0.707106781186548,1
107,0.65,1,4,1,0.472539340000367,1,107,3,4,0.171281431001262,3,1,0.472539340000367,4,1,0,0,0,-0.707106781186548,-0.707106781186547,1
311,0.65,1,8,2,0.902811485000711,2,311,11,4,0.169890310999108,3,1,0.902811485000711,4,0,1,0,0,NaN,NaN,1
57,0.65,1,4,1,2.27994932100046,1,57,2,4,0.336170056998526,2,1,2.27994932100046,4,1,0,0,0,-0.707106781186547,0.707106781186548,1
112,0.65,1,4,2,0.709369051000976,2,112,8,4,0.169533676000356,3,1,0.709369051000976,4,0,1,0,0,NaN,NaN,1
246,0.65,1,8,1,0.567084839000017,1,246,3,4,0.159178955998868,2,1,0.567084839000017,4,1,0,0,0,-0.38268343236509,0.923879532511287,1
154,0.65,1,4,2,0.402033477999794,1,154,4,1,0.736220358998253,4,0,NaN,NaN,0,0,0,1,0.707106781186547,-0.707106781186548,1
308,0.65,1,8,2,0.500612731999354,2,308,10,3,0.981425232999754,3,1,0.500612731999354,3,0,1,0,0,NaN,NaN,1
111,0.65,1,4,2,0.510546994999459,2,111,7,4,0.167129473000386,3,1,0.510546994999459,4,0,1,0,0,NaN,NaN,1
299,0.65,1,8,2,0.500997450999421,1,299,6,2,0.268438348999553,3,0,NaN,NaN,0,0,0,1,-0.38268343236509,-0.923879532511287,1
120,0.65,1,4,2,0.399698947001525,2,120,5,4,0.848326614001053,3,1,0.399698947001525,4,0,1,0,0,NaN,NaN,1
368,1.4,3,8,2,0.602031452001029,1,368,8,2,0.438663090000773,4,0,NaN,NaN,0,0,0,1,0.923879532511287,-0.38268343236509,1
151,0.65,1,4,2,0.602070851999088,1,151,4,3,0.30465892400025,4,0,NaN,NaN,0,0,0,1,0.707106781186547,-0.707106781186548,1
304,0.65,1,8,2,0.409841026999857,2,304,12,3,0.134213097000611,3,1,0.409841026999857,3,0,1,0,0,NaN,NaN,1
40,1.4,3,4,2,0.506555050998941,2,40,6,4,0.162198198000624,1,1,0.506555050998941,4,0,1,0,0,NaN,NaN,1
50,0.65,1,4,1,0.570900276001339,1,50,2,4,0.167306627001381,2,1,0.570900276001339,4,1,0,0,0,-0.707106781186547,0.707106781186548,1
