Subject_code,pos_rad,foreperiod,predictability,difficulty,nanmean_RT_TP
1,0,0.65,1,4,0.594112930999472
1,0,0.65,1,6,NaN
1,0,0.65,1,8,1.07774448199962
1,0,0.65,1,10,NaN
1,0,0.65,3,8,0.696600011250212
1,0,1.4,1,4,0.458380887999738
1,0,1.4,1,6,1.60029114500048
1,0,1.4,3,4,0.409843412499868
1,0,1.4,3,6,0.89994113099965
1,0,1.4,3,8,2.23884508500032
1,0.628318530717959,1.4,1,10,NaN
1,0.785398163397448,1.4,1,8,NaN
1,1.0471975511966,0.65,1,6,0.407342937000067
1,1.0471975511966,1.4,1,6,1.3190838190003
1,1.25663706143592,0.65,1,10,NaN
1,1.25663706143592,0.65,3,10,NaN
1,1.25663706143592,1.4,3,10,2.77106187400022
1,1.5707963267949,0.65,1,4,NaN
1,1.5707963267949,0.65,1,8,0.651602086500134
1,1.5707963267949,0.65,3,4,0.458460377999472
1,1.5707963267949,1.4,1,4,0.556895175333314
1,1.5707963267949,1.4,3,4,0.615748828000505
1,1.88495559215388,1.4,1,10,1.59559876500043
1,1.88495559215388,1.4,3,10,0.491639649000717
1,2.0943951023932,0.65,1,6,NaN
1,2.0943951023932,0.65,3,6,NaN
1,2.0943951023932,1.4,1,6,1.17314711600011
1,2.0943951023932,1.4,3,6,0.768404135499622
1,2.35619449019234,1.4,1,8,NaN
1,2.51327412287183,0.65,1,10,NaN
1,2.51327412287183,0.65,3,10,NaN
1,2.51327412287183,1.4,1,10,2.08802598399961
1,3.14159265358979,0.65,1,4,0.569124618000084
1,3.14159265358979,0.65,1,10,0.409522382000432
1,3.14159265358979,0.65,3,4,0.464688991000003
1,3.14159265358979,0.65,3,10,0.634444629999052
1,3.14159265358979,1.4,1,4,0.514854484666406
1,3.14159265358979,1.4,1,6,0.998531723500491
1,3.14159265358979,1.4,3,4,0.577248941999642
1,3.14159265358979,1.4,3,10,0.425063908000084
1,3.76991118430775,1.4,1,10,0.605008163000548
1,3.92699081698724,0.65,1,8,NaN
1,3.92699081698724,1.4,1,8,0.487187301001541
1,3.92699081698724,1.4,3,8,NaN
1,4.18879020478639,0.65,1,6,0.49322949100042
1,4.18879020478639,1.4,1,6,NaN
1,4.18879020478639,1.4,3,6,0.767303515998719
1,4.39822971502571,0.65,1,10,NaN
1,4.39822971502571,1.4,1,10,NaN
1,4.39822971502571,1.4,3,10,2.72051078899858
1,4.71238898038469,0.65,1,4,0.411852876000921
1,4.71238898038469,0.65,1,8,1.23691829500058
1,4.71238898038469,1.4,1,8,NaN
1,4.71238898038469,1.4,3,4,0.416978150000432
1,4.71238898038469,1.4,3,8,1.28881127400018
1,5.02654824574367,0.65,1,10,0.471621671998946
1,5.02654824574367,1.4,3,10,NaN
1,5.23598775598299,0.65,1,6,1.28304930400009
1,5.23598775598299,0.65,3,6,NaN
1,5.49778714378214,0.65,1,8,0.745413365500099
1,5.49778714378214,1.4,1,8,0.316219659000126
1,5.49778714378214,1.4,3,8,0.58327694899981
1,5.65486677646163,0.65,3,10,0.519687494000209
1,5.65486677646163,1.4,1,10,0.400151570999697
2,0,0.65,1,4,0.405407048332563
2,0,0.65,1,6,0.587007112999345
2,0,0.65,3,4,3.51099510800123
2,0,0.65,3,10,1.16376850699999
2,0,1.4,1,4,0.880988519000311
2,0,1.4,1,8,1.88035784900057
2,0,1.4,1,10,NaN
2,0,1.4,3,4,0.568737105999389
2,0,1.4,3,6,0.682985503000054
2,0,1.4,3,10,NaN
2,0.628318530717959,1.4,1,10,0.90189756899963
2,0.785398163397448,0.65,1,8,0.745895795000251
2,0.785398163397448,1.4,3,8,0.42885822199969
2,1.0471975511966,0.65,1,6,0.896606490499835
2,1.0471975511966,1.4,1,6,0.720896454000467
2,1.25663706143592,0.65,1,10,0.542519310998614
2,1.25663706143592,0.65,3,10,NaN
2,1.25663706143592,1.4,1,10,0.732224564999342
2,1.5707963267949,0.65,1,4,0.826398139999583
2,1.5707963267949,0.65,3,4,0.720462648499961
2,1.5707963267949,0.65,3,8,0.489037925000957
2,1.5707963267949,1.4,1,4,1.12437351049994
2,1.5707963267949,1.4,1,8,0.833743335999316
2,1.5707963267949,1.4,3,4,NaN
2,1.5707963267949,1.4,3,8,NaN
2,1.88495559215388,0.65,1,10,NaN
2,1.88495559215388,0.65,3,10,NaN
2,1.88495559215388,1.4,1,10,0.740016478999678
2,1.88495559215388,1.4,3,10,0.661250344999644
2,2.0943951023932,0.65,1,6,NaN
2,2.0943951023932,0.65,3,6,NaN
2,2.35619449019234,0.65,3,8,0.49156345099982
2,2.35619449019234,1.4,1,8,NaN
2,2.51327412287183,0.65,1,10,NaN
2,2.51327412287183,1.4,1,10,0.73532517700005
2,3.14159265358979,0.65,1,4,0.632083296999554
2,3.14159265358979,0.65,1,6,0.746129687999201
2,3.14159265358979,0.65,1,10,0.704892113999449
2,3.14159265358979,0.65,3,4,0.524373787000513
2,3.14159265358979,1.4,1,4,0.745286823000242
2,3.14159265358979,1.4,1,6,0.576924344000872
2,3.14159265358979,1.4,1,10,0.688340602000608
2,3.14159265358979,1.4,3,6,NaN
2,3.76991118430775,0.65,1,10,NaN
2,3.76991118430775,1.4,1,10,NaN
2,3.76991118430775,1.4,3,10,NaN
2,3.92699081698724,0.65,1,8,0.572528017999502
2,3.92699081698724,1.4,1,8,NaN
2,4.18879020478639,0.65,1,6,NaN
2,4.18879020478639,1.4,1,6,0.50489107049907
2,4.39822971502571,0.65,1,10,NaN
2,4.39822971502571,0.65,3,10,NaN
2,4.39822971502571,1.4,1,10,NaN
2,4.71238898038469,0.65,1,4,0.84306549683303
2,4.71238898038469,0.65,1,8,NaN
2,4.71238898038469,0.65,3,4,0.805183325001053
2,4.71238898038469,1.4,1,4,0.717961694999758
2,4.71238898038469,1.4,1,8,NaN
2,5.23598775598299,0.65,1,6,NaN
2,5.23598775598299,1.4,1,6,1.95581935399969
2,5.23598775598299,1.4,3,6,0.906473851999181
2,5.49778714378214,0.65,3,8,NaN
2,5.65486677646163,1.4,1,10,NaN
2,5.65486677646163,1.4,3,10,NaN
3,0,0.65,1,4,0.658533992002049
3,0,0.65,1,6,0.655066692999753
3,0,0.65,1,8,1.89021444699756
3,0,0.65,1,10,1.49241809399973
3,0,0.65,3,6,NaN
3,0,0.65,3,8,2.35671895600171
3,0,0.65,3,10,NaN
3,0,1.4,1,4,0.603080674250123
3,0,1.4,1,6,0.480227356998512
3,0,1.4,1,8,1.05896247000055
3,0,1.4,3,4,1.1152642800007
3,0,1.4,3,10,1.27166297000076
3,0.628318530717959,1.4,3,10,1.19643792033457
3,0.785398163397448,0.65,1,8,1.04815334150044
3,0.785398163397448,0.65,3,8,NaN
3,0.785398163397448,1.4,1,8,1.43875263600057
3,1.0471975511966,1.4,1,6,0.496945982999023
3,1.0471975511966,1.4,3,6,0.540817571500156
3,1.25663706143592,0.65,3,10,0.618517849001364
3,1.25663706143592,1.4,1,10,0.921508387997164
3,1.5707963267949,0.65,1,4,0.838660888999584
3,1.5707963267949,0.65,1,8,0.609342359999573
3,1.5707963267949,0.65,3,4,0.331496816001163
3,1.5707963267949,1.4,1,4,0.60731744900113
3,1.5707963267949,1.4,1,8,NaN
3,1.5707963267949,1.4,3,4,0.520499448997725
3,1.88495559215388,1.4,1,10,1.71544679100043
3,2.0943951023932,1.4,1,6,0.789360273333538
3,2.0943951023932,1.4,3,6,0.645402975998877
3,2.35619449019234,0.65,1,8,0.851489030002995
3,2.35619449019234,0.65,3,8,0.556988292999449
3,2.35619449019234,1.4,1,8,1.06626858400159
3,2.51327412287183,0.65,1,10,0.633994928000902
3,2.51327412287183,1.4,1,10,0.868215491998853
3,3.14159265358979,0.65,1,4,0.678828737001822
3,3.14159265358979,0.65,1,6,0.666852232333137
3,3.14159265358979,0.65,1,8,NaN
3,3.14159265358979,0.65,3,4,0.578330096999707
3,3.14159265358979,0.65,3,6,0.843602562499655
3,3.14159265358979,0.65,3,8,0.434409524998046
3,3.14159265358979,1.4,1,4,1.85956636100127
3,3.14159265358979,1.4,1,6,0.482734646502649
3,3.14159265358979,1.4,1,8,NaN
3,3.14159265358979,1.4,1,10,NaN
3,3.14159265358979,1.4,3,4,0.632602239498738
3,3.14159265358979,1.4,3,6,1.09258888850127
3,3.14159265358979,1.4,3,8,NaN
3,3.76991118430775,0.65,3,10,NaN
3,3.76991118430775,1.4,1,10,1.83015390749824
3,3.92699081698724,0.65,1,8,0.597069567997096
3,3.92699081698724,1.4,1,8,NaN
3,4.18879020478639,0.65,3,6,NaN
3,4.18879020478639,1.4,3,6,0.555603297998459
3,4.39822971502571,0.65,1,10,1.65937001599741
3,4.39822971502571,0.65,3,10,0.808134132999839
3,4.71238898038469,0.65,1,4,0.882411130998662
3,4.71238898038469,0.65,3,4,NaN
3,4.71238898038469,0.65,3,8,NaN
3,4.71238898038469,1.4,1,4,1.23992116133377
3,4.71238898038469,1.4,1,8,NaN
3,4.71238898038469,1.4,3,4,1.04619859800005
3,4.71238898038469,1.4,3,8,1.48617963699871
3,5.02654824574367,1.4,1,10,NaN
3,5.23598775598299,0.65,1,6,1.08453040899985
3,5.23598775598299,0.65,3,6,NaN
3,5.23598775598299,1.4,1,6,0.681542647000848
3,5.23598775598299,1.4,3,6,NaN
3,5.49778714378214,0.65,1,8,NaN
3,5.49778714378214,1.4,3,8,NaN
3,5.65486677646163,0.65,1,10,1.31648316700011
3,5.65486677646163,0.65,3,10,0.607142336000834
3,5.65486677646163,1.4,1,10,NaN
4,0,0.65,1,4,0.544205673500301
4,0,0.65,1,6,0.564887106000242
4,0,0.65,3,4,0.795292819000224
4,0,0.65,3,6,0.966035380999983
4,0,1.4,1,4,0.61937141400017
4,0,1.4,1,8,0.88379981900016
4,0,1.4,1,10,1.0528571900004
4,0,1.4,3,8,0.722074205999661
4,0,1.4,3,10,1.81858380099993
4,0.628318530717959,0.65,1,10,1.39195892099997
4,0.628318530717959,0.65,3,10,1.61983106799971
4,0.628318530717959,1.4,1,10,0.869879602999845
4,0.785398163397448,0.65,1,8,1.0867239673333
4,0.785398163397448,1.4,1,8,0.880050036999971
4,0.785398163397448,1.4,3,8,1.25736260699978
4,1.0471975511966,0.65,3,6,0.901924839000003
4,1.0471975511966,1.4,1,6,0.813845886000308
4,1.25663706143592,0.65,3,10,1.61980623799991
4,1.25663706143592,1.4,1,10,1.14254033900011
4,1.5707963267949,0.65,1,4,0.972743814499836
4,1.5707963267949,1.4,1,8,1.15143015399985
4,1.5707963267949,1.4,3,4,0.87994459499987
4,1.5707963267949,1.4,3,8,1.67968008099979
4,1.88495559215388,0.65,1,10,NaN
4,1.88495559215388,0.65,3,10,0.507263079999575
4,1.88495559215388,1.4,3,10,0.909482289000152
4,2.0943951023932,0.65,1,6,2.24925619299984
4,2.0943951023932,1.4,1,6,0.726521804000186
4,2.0943951023932,1.4,3,6,1.46422933250005
4,2.35619449019234,1.4,1,8,NaN
4,2.51327412287183,0.65,3,10,NaN
4,2.51327412287183,1.4,3,10,0.799070083000515
4,3.14159265358979,0.65,1,4,1.0007046212002
4,3.14159265358979,0.65,1,6,0.950686578250156
4,3.14159265358979,0.65,1,8,0.964939557999969
4,3.14159265358979,0.65,3,6,2.08832818300016
4,3.14159265358979,0.65,3,8,NaN
4,3.14159265358979,1.4,1,4,0.801824385000145
4,3.14159265358979,1.4,1,6,1.01239745899966
4,3.14159265358979,1.4,1,8,1.67917054100008
4,3.14159265358979,1.4,3,4,0.700871994999943
4,3.76991118430775,0.65,1,10,1.56317962749972
4,3.76991118430775,0.65,3,10,0.757782776999193
4,3.76991118430775,1.4,1,10,2.9970768180001
4,3.76991118430775,1.4,3,10,NaN
4,3.92699081698724,0.65,1,8,3.38445754800068
4,3.92699081698724,0.65,3,8,1.83362959799979
4,3.92699081698724,1.4,1,8,2.31857157600007
4,4.18879020478639,0.65,1,6,NaN
4,4.18879020478639,1.4,1,6,1.04311375799989
4,4.39822971502571,0.65,1,10,1.97218016900024
4,4.71238898038469,0.65,1,4,1.68940673599991
4,4.71238898038469,0.65,3,4,1.62672405599915
4,4.71238898038469,1.4,1,4,0.957136611000351
4,4.71238898038469,1.4,3,4,1.00614979200009
4,5.23598775598299,0.65,1,6,3.01314097700015
4,5.23598775598299,1.4,1,6,NaN
4,5.23598775598299,1.4,3,6,NaN
4,5.49778714378214,0.65,1,8,NaN
4,5.49778714378214,0.65,3,8,0.644932648000577
4,5.49778714378214,1.4,1,8,NaN
4,5.65486677646163,0.65,1,10,1.67669830349996
4,5.65486677646163,1.4,1,10,2.03998133499999
5,0,0.65,1,4,0.622765608333187
5,0,0.65,1,6,0.560369679998985
5,0,0.65,3,4,0.669750069499059
5,0,1.4,1,4,0.386035790001188
5,0,1.4,1,6,0.568186108997907
5,0,1.4,1,10,NaN
5,0,1.4,3,4,0.679358911498639
5,0,1.4,3,6,2.7172892239978
5,0,1.4,3,8,1.2422970689986
5,0.628318530717959,0.65,1,10,0.394072322000284
5,0.628318530717959,1.4,1,10,NaN
5,0.785398163397448,0.65,3,8,NaN
5,0.785398163397448,1.4,3,8,0.707491435998236
5,1.0471975511966,0.65,1,6,1.59714046049885
5,1.25663706143592,1.4,1,10,1.11044074000165
5,1.25663706143592,1.4,3,10,NaN
5,1.5707963267949,0.65,1,4,0.736906342999646
5,1.5707963267949,0.65,3,4,0.509023850000328
5,1.5707963267949,0.65,3,8,0.71813871699851
5,1.5707963267949,1.4,1,4,0.845162203000655
5,1.5707963267949,1.4,3,4,1.12671967400092
5,1.5707963267949,1.4,3,8,0.590956563002692
5,2.0943951023932,0.65,3,6,0.789575157499712
5,2.0943951023932,1.4,1,6,1.18449667900131
5,2.35619449019234,0.65,1,8,0.864086973500889
5,2.35619449019234,1.4,1,8,1.36930936350109
5,2.51327412287183,1.4,3,10,0.561080849998689
5,3.14159265358979,0.65,1,6,0.984643515666297
5,3.14159265358979,0.65,1,10,1.63740584000334
5,3.14159265358979,0.65,3,8,0.680779895999876
5,3.14159265358979,0.65,3,10,1.26214130699736
5,3.14159265358979,1.4,1,4,NaN
5,3.14159265358979,1.4,1,6,0.5511810709977
5,3.14159265358979,1.4,3,6,NaN
5,3.14159265358979,1.4,3,8,0.689955111000017
5,3.76991118430775,0.65,1,10,1.11288174199944
5,3.76991118430775,1.4,1,10,1.08533927000099
5,3.92699081698724,0.65,1,8,NaN
5,3.92699081698724,0.65,3,8,0.732299793999118
5,3.92699081698724,1.4,3,8,NaN
5,4.18879020478639,0.65,1,6,0.840077367000049
5,4.18879020478639,0.65,3,6,NaN
5,4.18879020478639,1.4,1,6,1.14811504749923
5,4.71238898038469,0.65,1,4,0.728465666001284
5,4.71238898038469,0.65,1,8,0.852222851499391
5,4.71238898038469,0.65,3,4,0.5499508744997
5,4.71238898038469,1.4,1,4,0.540975965999678
5,4.71238898038469,1.4,3,4,0.709555896501115
5,5.02654824574367,0.65,1,10,1.07837342699713
5,5.02654824574367,1.4,1,10,1.24720598500062
5,5.23598775598299,0.65,1,6,1.18722795499707
5,5.23598775598299,0.65,3,6,NaN
5,5.23598775598299,1.4,1,6,NaN
5,5.23598775598299,1.4,3,6,NaN
5,5.49778714378214,0.65,3,8,0.939062354998896
5,5.49778714378214,1.4,1,8,1.57793038800082
5,5.49778714378214,1.4,3,8,NaN
5,5.65486677646163,0.65,1,10,1.13857726100105
5,5.65486677646163,0.65,3,10,NaN
5,5.65486677646163,1.4,3,10,0.786971740999434
6,0,0.65,1,4,0.589788408499885
6,0,0.65,1,6,0.46833912000011
6,0,0.65,1,10,0.585781296000278
6,0,0.65,3,4,0.440623616999801
6,0,0.65,3,6,0.316911118999997
6,0,1.4,1,4,0.907130647000031
6,0,1.4,1,6,0.589330874000098
6,0,1.4,1,8,0.579177825999977
6,0,1.4,1,10,0.544355093000073
6,0.628318530717959,0.65,1,10,0.440952735999872
6,0.628318530717959,0.65,3,10,0.683191442499833
6,0.785398163397448,0.65,1,8,0.520194500000116
6,0.785398163397448,0.65,3,8,NaN
6,1.0471975511966,0.65,1,6,0.739072051799849
6,1.0471975511966,1.4,1,6,0.900882429000148
6,1.25663706143592,1.4,1,10,0.543772807999858
6,1.5707963267949,0.65,1,4,0.715245715666697
6,1.5707963267949,0.65,1,8,NaN
6,1.5707963267949,0.65,3,4,0.629117659666539
6,1.5707963267949,1.4,1,4,0.469649212000149
6,1.5707963267949,1.4,3,8,0.659582931999921
6,1.88495559215388,0.65,3,10,NaN
6,1.88495559215388,1.4,1,10,NaN
6,2.0943951023932,0.65,1,6,0.690381432999857
6,2.0943951023932,1.4,1,6,0.585459294999964
6,2.35619449019234,0.65,1,8,0.583609187000206
6,2.35619449019234,1.4,1,8,0.805014044000018
6,2.51327412287183,1.4,1,10,NaN
6,2.51327412287183,1.4,3,10,1.10456090600019
6,3.14159265358979,0.65,1,4,0.953777001000086
6,3.14159265358979,0.65,1,6,0.637192625999887
6,3.14159265358979,0.65,1,8,NaN
6,3.14159265358979,0.65,1,10,NaN
6,3.14159265358979,0.65,3,4,0.467937609999808
6,3.14159265358979,0.65,3,6,0.748800353999854
6,3.14159265358979,1.4,1,6,NaN
6,3.14159265358979,1.4,1,8,0.533367133999946
6,3.14159265358979,1.4,3,4,1.26200644899973
6,3.14159265358979,1.4,3,6,0.611997126999995
6,3.14159265358979,1.4,3,8,0.412213318999875
6,3.14159265358979,1.4,3,10,0.747463682000216
6,3.76991118430775,0.65,1,10,NaN
6,3.76991118430775,1.4,1,10,NaN
6,3.76991118430775,1.4,3,10,2.38750624699992
6,3.92699081698724,0.65,1,8,1.779895614
6,3.92699081698724,0.65,3,8,NaN
6,3.92699081698724,1.4,3,8,NaN
6,4.18879020478639,0.65,1,6,NaN
6,4.18879020478639,1.4,3,6,NaN
6,4.39822971502571,0.65,1,10,NaN
6,4.39822971502571,1.4,3,10,2.7506410230003
6,4.71238898038469,0.65,1,4,NaN
6,4.71238898038469,0.65,1,8,0.424670873999958
6,4.71238898038469,0.65,3,4,NaN
6,4.71238898038469,1.4,1,4,NaN
6,4.71238898038469,1.4,1,8,NaN
6,4.71238898038469,1.4,3,4,0.409886314000232
6,5.02654824574367,1.4,1,10,0.745963419999953
6,5.23598775598299,1.4,1,6,1.74648514399996
6,5.23598775598299,1.4,3,6,NaN
6,5.49778714378214,0.65,1,8,NaN
6,5.49778714378214,1.4,1,8,NaN
6,5.65486677646163,0.65,3,10,NaN
6,5.65486677646163,1.4,1,10,NaN
7,0,0.65,1,4,0.718732588999956
7,0,0.65,1,6,0.992755722000766
7,0,0.65,3,4,0.679078557000139
7,0,0.65,3,10,NaN
7,0,1.4,1,4,0.663937139000154
7,0,1.4,1,6,1.07046726420031
7,0,1.4,3,4,0.749551150000419
7,0.628318530717959,1.4,1,10,0.488497328999983
7,0.785398163397448,0.65,1,8,0.683871593999811
7,0.785398163397448,1.4,3,8,0.541838875999929
7,1.0471975511966,0.65,1,6,0.828446632999658
7,1.0471975511966,1.4,1,6,0.629095279000467
7,1.0471975511966,1.4,3,6,0.86360651799987
7,1.25663706143592,0.65,1,10,1.3459394194997
7,1.25663706143592,1.4,3,10,0.680469248999998
7,1.5707963267949,0.65,1,4,0.60660925250022
7,1.5707963267949,0.65,3,4,0.480940513999485
7,1.5707963267949,1.4,1,4,0.585518806999971
7,1.5707963267949,1.4,1,8,0.538260120666564
7,1.88495559215388,0.65,1,10,1.10121334399992
7,1.88495559215388,0.65,3,10,0.459917238999878
7,1.88495559215388,1.4,1,10,NaN
7,2.0943951023932,1.4,1,6,NaN
7,2.35619449019234,0.65,1,8,1.03547948699998
7,2.35619449019234,1.4,1,8,0.710793750000448
7,2.35619449019234,1.4,3,8,0.505836280999574
7,2.51327412287183,0.65,1,10,NaN
7,2.51327412287183,1.4,3,10,1.72085568000057
7,3.14159265358979,0.65,1,4,0.688084909999816
7,3.14159265358979,0.65,1,6,0.550031603999741
7,3.14159265358979,0.65,1,8,NaN
7,3.14159265358979,0.65,3,6,0.637847658000283
7,3.14159265358979,0.65,3,8,NaN
7,3.14159265358979,0.65,3,10,NaN
7,3.14159265358979,1.4,1,4,0.797458973499943
7,3.14159265358979,1.4,1,6,0.808615163000013
7,3.14159265358979,1.4,1,8,2.01542134900046
7,3.14159265358979,1.4,1,10,0.928315091000513
7,3.14159265358979,1.4,3,6,NaN
7,3.14159265358979,1.4,3,8,1.96717100349997
7,3.76991118430775,0.65,1,10,NaN
7,3.76991118430775,0.65,3,10,NaN
7,3.76991118430775,1.4,1,10,NaN
7,3.76991118430775,1.4,3,10,2.30088306200014
7,3.92699081698724,0.65,1,8,2.06133299900011
7,3.92699081698724,1.4,1,8,NaN
7,3.92699081698724,1.4,3,8,NaN
7,4.18879020478639,1.4,1,6,NaN
7,4.18879020478639,1.4,3,6,NaN
7,4.39822971502571,1.4,1,10,1.5202441245001
7,4.39822971502571,1.4,3,10,NaN
7,4.71238898038469,0.65,1,4,0.678983814000276
7,4.71238898038469,0.65,1,8,NaN
7,4.71238898038469,0.65,3,4,1.07730073900075
7,4.71238898038469,0.65,3,8,2.20723091400032
7,4.71238898038469,1.4,1,4,1.1768193613334
7,4.71238898038469,1.4,3,8,NaN
7,5.02654824574367,0.65,1,10,0.555165185999613
7,5.02654824574367,1.4,1,10,NaN
7,5.23598775598299,0.65,1,6,NaN
7,5.23598775598299,0.65,3,6,NaN
7,5.23598775598299,1.4,3,6,NaN
7,5.49778714378214,0.65,3,8,NaN
7,5.49778714378214,1.4,3,8,NaN
8,0,0.65,1,4,0.446300779499325
8,0,0.65,1,8,0.541168255998855
8,0,0.65,1,10,1.42049096499977
8,0,0.65,3,8,NaN
8,0,1.4,1,4,0.537637227998857
8,0,1.4,1,6,2.80671094600075
8,0,1.4,1,8,0.474303640499784
8,0,1.4,1,10,0.852778654500071
8,0,1.4,3,6,0.483426017999591
8,0.628318530717959,0.65,3,10,0.48455125700093
8,0.628318530717959,1.4,1,10,0.532166666998819
8,0.628318530717959,1.4,3,10,0.499448431999554
8,0.785398163397448,0.65,1,8,0.415836356
8,0.785398163397448,1.4,1,8,0.441262398000617
8,0.785398163397448,1.4,3,8,0.373204952000378
8,1.0471975511966,0.65,3,6,0.38839663566614
8,1.0471975511966,1.4,1,6,0.485850134999055
8,1.0471975511966,1.4,3,6,0.441684000999885
8,1.25663706143592,0.65,1,10,0.692185579000579
8,1.25663706143592,1.4,3,10,0.695672093499525
8,1.5707963267949,0.65,1,4,0.572261566750058
8,1.5707963267949,0.65,1,8,1.0112085210003
8,1.5707963267949,1.4,1,4,0.424568525500035
8,1.5707963267949,1.4,3,4,0.448157245499715
8,1.88495559215388,0.65,1,10,0.650657120000687
8,1.88495559215388,0.65,3,10,0.630524766000235
8,1.88495559215388,1.4,1,10,0.488085462000527
8,2.0943951023932,1.4,1,6,0.53556202999971
8,2.35619449019234,0.65,1,8,0.440847051000674
8,2.35619449019234,1.4,1,8,0.387126248999266
8,2.35619449019234,1.4,3,8,0.953055295998638
8,2.51327412287183,0.65,1,10,0.481533689500793
8,2.51327412287183,0.65,3,10,0.452311123000982
8,2.51327412287183,1.4,3,10,0.69639883399941
8,3.14159265358979,0.65,1,4,0.600869047000742
8,3.14159265358979,0.65,1,6,0.64017143449928
8,3.14159265358979,0.65,1,8,0.52065205100007
8,3.14159265358979,0.65,3,4,0.481876111998645
8,3.14159265358979,0.65,3,6,0.569203187000312
8,3.14159265358979,0.65,3,8,NaN
8,3.14159265358979,1.4,1,4,0.491437957998642
8,3.14159265358979,1.4,1,6,0.486822822333731
8,3.14159265358979,1.4,1,8,0.792321855000409
8,3.14159265358979,1.4,1,10,NaN
8,3.14159265358979,1.4,3,4,0.70681782849897
8,3.14159265358979,1.4,3,6,0.642359223998938
8,3.76991118430775,0.65,1,10,1.06293763999929
8,3.76991118430775,1.4,1,10,0.506044026500604
8,3.76991118430775,1.4,3,10,1.16486923766691
8,3.92699081698724,0.65,1,8,0.618898808999802
8,4.18879020478639,0.65,1,6,0.50832054950024
8,4.18879020478639,1.4,1,6,NaN
8,4.18879020478639,1.4,3,6,0.340254761000324
8,4.39822971502571,0.65,1,10,NaN
8,4.39822971502571,1.4,1,10,NaN
8,4.71238898038469,0.65,1,4,0.510516119000386
8,4.71238898038469,0.65,1,8,0.919773621999411
8,4.71238898038469,0.65,3,4,0.794916524999887
8,4.71238898038469,1.4,1,4,0.540595573667209
8,4.71238898038469,1.4,1,8,1.08282620699993
8,4.71238898038469,1.4,3,4,0.870444236001276
8,5.23598775598299,0.65,1,6,0.507219917000839
8,5.23598775598299,0.65,3,6,NaN
8,5.23598775598299,1.4,1,6,0.951922037000259
8,5.49778714378214,0.65,3,8,NaN
8,5.49778714378214,1.4,1,8,0.963821758999984
8,5.49778714378214,1.4,3,8,0.497098236000966
8,5.65486677646163,0.65,1,10,1.05115937350001
9,0,0.65,1,4,0.749254960333171
9,0,0.65,1,6,0.883273032999909
9,0,0.65,1,8,1.00421520800001
9,0,0.65,3,10,NaN
9,0,1.4,1,8,0.690269382999986
9,0,1.4,1,10,2.03235212399992
9,0,1.4,3,6,0.507779977999689
9,0.628318530717959,0.65,1,10,NaN
9,0.628318530717959,1.4,1,10,1.58991687299999
9,0.628318530717959,1.4,3,10,NaN
9,1.0471975511966,0.65,1,6,1.40311078800005
9,1.0471975511966,0.65,3,6,1.26577328200005
9,1.0471975511966,1.4,1,6,1.17191372400009
9,1.0471975511966,1.4,3,6,NaN
9,1.25663706143592,0.65,3,10,0.624996515999555
9,1.5707963267949,0.65,1,4,0.82376767166655
9,1.5707963267949,0.65,1,8,0.785433767500081
9,1.5707963267949,0.65,3,4,0.339819999000156
9,1.5707963267949,0.65,3,8,NaN
9,1.5707963267949,1.4,1,4,0.791862634199924
9,1.5707963267949,1.4,1,8,0.441778656499991
9,1.5707963267949,1.4,3,4,0.752813186999902
9,1.5707963267949,1.4,3,8,1.06406819299991
9,1.88495559215388,1.4,3,10,1.25332408200006
9,2.0943951023932,1.4,1,6,0.414580909000051
9,2.35619449019234,0.65,1,8,NaN
9,3.14159265358979,0.65,1,4,0.660602944499942
9,3.14159265358979,0.65,1,6,0.614046895999763
9,3.14159265358979,0.65,1,8,1.96512756199991
9,3.14159265358979,0.65,1,10,0.673148790999903
9,3.14159265358979,0.65,3,4,0.76267165299987
9,3.14159265358979,0.65,3,8,0.823167047999959
9,3.14159265358979,0.65,3,10,NaN
9,3.14159265358979,1.4,1,4,0.762273320499958
9,3.14159265358979,1.4,1,6,1.06097916099998
9,3.14159265358979,1.4,1,8,NaN
9,3.14159265358979,1.4,3,6,1.70957341099984
9,3.14159265358979,1.4,3,8,0.769442162000132
9,3.76991118430775,0.65,1,10,0.627468419999786
9,3.76991118430775,1.4,1,10,NaN
9,3.92699081698724,0.65,3,8,0.644985702000213
9,3.92699081698724,1.4,1,8,NaN
9,4.18879020478639,0.65,1,6,1.87330302800001
9,4.18879020478639,1.4,1,6,NaN
9,4.39822971502571,0.65,1,10,1.26847718600038
9,4.39822971502571,1.4,1,10,1.09900100200002
9,4.39822971502571,1.4,3,10,NaN
9,4.71238898038469,0.65,1,4,NaN
9,4.71238898038469,0.65,1,8,0.652606284000285
9,4.71238898038469,0.65,3,4,1.06490608266661
9,4.71238898038469,0.65,3,8,NaN
9,4.71238898038469,1.4,1,4,NaN
9,4.71238898038469,1.4,1,8,1.2848927189998
9,4.71238898038469,1.4,3,4,0.562468860000081
9,4.71238898038469,1.4,3,8,NaN
9,5.02654824574367,0.65,1,10,1.21408724100002
9,5.02654824574367,0.65,3,10,1.21534931099995
9,5.23598775598299,0.65,1,6,NaN
9,5.23598775598299,0.65,3,6,0.304909498000143
9,5.23598775598299,1.4,1,6,NaN
9,5.23598775598299,1.4,3,6,NaN
9,5.49778714378214,0.65,1,8,NaN
9,5.49778714378214,1.4,1,8,NaN
9,5.49778714378214,1.4,3,8,1.74598886100011
9,5.65486677646163,1.4,1,10,1.504083842
9,5.65486677646163,1.4,3,10,1.14026732000002
10,0,0.65,1,4,0.473884174500199
10,0,0.65,1,6,1.26571117300045
10,0,0.65,1,8,0.541137582000374
10,0,0.65,1,10,2.33609015000002
10,0,0.65,3,4,0.348560487500436
10,0,0.65,3,6,1.08692515300027
10,0,0.65,3,8,1.18664985549913
10,0,0.65,3,10,1.92387057700034
10,0,1.4,1,4,0.662068075000207
10,0,1.4,1,6,1.03639077933379
10,0,1.4,1,8,1.41475809300027
10,0,1.4,3,4,0.446255237000514
10,0,1.4,3,8,NaN
10,0.628318530717959,0.65,1,10,0.600331669000298
10,0.628318530717959,1.4,1,10,0.32580903500093
10,0.628318530717959,1.4,3,10,0.369888110999455
10,0.785398163397448,1.4,1,8,0.703482684499249
10,1.0471975511966,0.65,1,6,1.26058666000063
10,1.0471975511966,1.4,3,6,0.886947627999689
10,1.25663706143592,0.65,1,10,0.683255371000087
10,1.25663706143592,1.4,1,10,0.858474278000358
10,1.5707963267949,0.65,1,4,0.71468652349995
10,1.5707963267949,0.65,1,8,0.902548276000743
10,1.5707963267949,0.65,3,4,0.821165621000546
10,1.5707963267949,1.4,1,4,0.949263002999942
10,1.5707963267949,1.4,1,8,0.696537780499966
10,1.5707963267949,1.4,3,4,0.830654294999476
10,1.5707963267949,1.4,3,8,1.0523715829986
10,1.88495559215388,0.65,1,10,0.630126686999574
10,1.88495559215388,0.65,3,10,0.932175484000254
10,1.88495559215388,1.4,1,10,0.758947875000558
10,1.88495559215388,1.4,3,10,NaN
10,2.0943951023932,0.65,3,6,0.681668102000913
10,2.0943951023932,1.4,1,6,0.680098395499954
10,2.0943951023932,1.4,3,6,1.92308800533222
10,2.35619449019234,0.65,1,8,0.903843619998952
10,2.35619449019234,1.4,1,8,0.43789212000047
10,2.51327412287183,0.65,1,10,1.00546221150034
10,2.51327412287183,0.65,3,10,NaN
10,3.14159265358979,0.65,1,4,0.798620979499901
10,3.14159265358979,0.65,1,6,0.461688881500777
10,3.14159265358979,0.65,1,8,NaN
10,3.14159265358979,0.65,3,4,0.565247078500761
10,3.14159265358979,1.4,1,6,NaN
10,3.14159265358979,1.4,1,10,1.8173728540005
10,3.14159265358979,1.4,3,6,2.24024121099865
10,3.14159265358979,1.4,3,8,0.413461225998617
10,3.14159265358979,1.4,3,10,1.12435748750067
10,3.76991118430775,0.65,1,10,NaN
10,3.76991118430775,1.4,3,10,1.26314208800068
10,3.92699081698724,1.4,1,8,NaN
10,3.92699081698724,1.4,3,8,NaN
10,4.18879020478639,0.65,1,6,0.466974768
10,4.18879020478639,0.65,3,6,NaN
10,4.18879020478639,1.4,1,6,NaN
10,4.18879020478639,1.4,3,6,1.01801266199982
10,4.39822971502571,0.65,1,10,1.18340110999998
10,4.39822971502571,1.4,3,10,NaN
10,4.71238898038469,0.65,1,4,1.09346765499959
10,4.71238898038469,0.65,1,8,0.402357642000425
10,4.71238898038469,0.65,3,4,0.352840973000639
10,4.71238898038469,0.65,3,8,0.610832168998968
10,4.71238898038469,1.4,1,4,0.668417775666361
10,4.71238898038469,1.4,1,8,0.689326400999562
10,5.02654824574367,1.4,1,10,1.48492323400023
10,5.23598775598299,1.4,1,6,0.620409434000976
10,5.23598775598299,1.4,3,6,0.60017058899939
10,5.49778714378214,0.65,1,8,1.80220752199966
11,0,0.65,1,4,0.914715826002066
11,0,0.65,1,6,3.60847215100148
11,0,0.65,1,8,NaN
11,0,0.65,1,10,0.792997935997846
11,0,0.65,3,4,0.499937847998808
11,0,1.4,1,4,0.859828592333846
11,0,1.4,1,6,1.62210435000088
11,0,1.4,1,10,3.64415247600118
11,0,1.4,3,4,1.23970621033489
11,0,1.4,3,6,0.93309990600028
11,0.628318530717959,0.65,1,10,1.50207604800016
11,0.628318530717959,0.65,3,10,1.32613240099818
11,0.628318530717959,1.4,1,10,1.38593449299879
11,0.785398163397448,0.65,1,8,0.883787490998657
11,0.785398163397448,0.65,3,8,1.00137053700018
11,0.785398163397448,1.4,1,8,0.904466449999745
11,1.0471975511966,0.65,1,6,0.74183926600017
11,1.0471975511966,1.4,1,6,0.965919731999747
11,1.0471975511966,1.4,3,6,0.818680157997733
11,1.25663706143592,0.65,1,10,NaN
11,1.25663706143592,0.65,3,10,1.00355298700015
11,1.5707963267949,0.65,1,4,1.28118567549882
11,1.5707963267949,0.65,1,8,1.06611906000035
11,1.5707963267949,0.65,3,4,0.897372839001036
11,1.5707963267949,1.4,1,4,1.00590345199998
11,1.5707963267949,1.4,1,8,2.1628897490009
11,1.88495559215388,1.4,3,10,NaN
11,2.0943951023932,0.65,1,6,0.832371147000231
11,2.0943951023932,0.65,3,6,NaN
11,2.0943951023932,1.4,1,6,0.992914834998373
11,2.0943951023932,1.4,3,6,2.10189190500023
11,2.35619449019234,0.65,1,8,NaN
11,2.35619449019234,1.4,1,8,0.852559158000076
11,2.51327412287183,0.65,3,10,1.22459372800222
11,2.51327412287183,1.4,3,10,0.884618441999919
11,3.14159265358979,0.65,1,4,1.25869222300025
11,3.14159265358979,0.65,1,6,1.39645138099877
11,3.14159265358979,0.65,1,10,1.85653249999814
11,3.14159265358979,0.65,3,8,2.51280210900222
11,3.14159265358979,1.4,1,4,1.28062163799768
11,3.14159265358979,1.4,1,6,0.975157365002815
11,3.14159265358979,1.4,1,8,NaN
11,3.14159265358979,1.4,3,6,1.18706335300158
11,3.14159265358979,1.4,3,8,NaN
11,3.76991118430775,0.65,1,10,NaN
11,3.76991118430775,0.65,3,10,NaN
11,3.92699081698724,0.65,1,8,NaN
11,3.92699081698724,1.4,3,8,NaN
11,4.18879020478639,0.65,1,6,NaN
11,4.18879020478639,0.65,3,6,NaN
11,4.39822971502571,1.4,1,10,2.05762099849926
11,4.39822971502571,1.4,3,10,1.50758223500088
11,4.71238898038469,0.65,1,4,1.92328579966731
11,4.71238898038469,0.65,1,8,NaN
11,4.71238898038469,0.65,3,4,1.28128900799857
11,4.71238898038469,0.65,3,8,3.08217940800023
11,4.71238898038469,1.4,1,4,1.34060143866615
11,4.71238898038469,1.4,1,8,NaN
11,4.71238898038469,1.4,3,4,NaN
11,5.02654824574367,1.4,1,10,2.1060170210003
11,5.23598775598299,0.65,1,6,1.95775727199907
11,5.23598775598299,0.65,3,6,2.25576265199925
11,5.23598775598299,1.4,1,6,NaN
11,5.23598775598299,1.4,3,6,NaN
11,5.49778714378214,0.65,1,8,NaN
11,5.65486677646163,0.65,1,10,2.08535113700054
11,5.65486677646163,1.4,3,10,NaN
12,0,0.65,1,4,0.57657912233329
12,0,0.65,1,6,1.64965378600004
12,0,0.65,1,8,NaN
12,0,0.65,3,4,1.69632104900029
12,0,0.65,3,6,0.712886313000126
12,0,1.4,1,4,0.91450637400006
12,0,1.4,1,10,0.985168406499724
12,0,1.4,3,4,0.658150587000364
12,0,1.4,3,6,0.793578863999983
12,0,1.4,3,8,0.822966658999576
12,0.628318530717959,1.4,1,10,1.02094875550006
12,0.628318530717959,1.4,3,10,1.00170513600006
12,0.785398163397448,0.65,1,8,1.20687967899994
12,0.785398163397448,0.65,3,8,0.888465838999764
12,0.785398163397448,1.4,1,8,0.944214817000102
12,1.0471975511966,0.65,1,6,0.840639049499885
12,1.0471975511966,0.65,3,6,1.232415339
12,1.0471975511966,1.4,1,6,0.888285522999922
12,1.0471975511966,1.4,3,6,0.869365936000122
12,1.25663706143592,0.65,1,10,2.37088892999964
12,1.25663706143592,1.4,3,10,0.772353059999887
12,1.5707963267949,0.65,1,4,0.820999888000188
12,1.5707963267949,0.65,1,8,0.923355478000076
12,1.5707963267949,1.4,1,4,1.095035048
12,1.5707963267949,1.4,1,8,NaN
12,1.5707963267949,1.4,3,4,1.8093605224999
12,1.88495559215388,0.65,1,10,NaN
12,2.0943951023932,0.65,1,6,0.460764799999652
12,2.0943951023932,1.4,1,6,0.419358790999922
12,2.0943951023932,1.4,3,6,0.727782121000018
12,2.35619449019234,0.65,1,8,NaN
12,2.35619449019234,0.65,3,8,NaN
12,2.35619449019234,1.4,1,8,0.819284643000174
12,2.51327412287183,0.65,1,10,NaN
12,2.51327412287183,1.4,3,10,1.08470077899983
12,3.14159265358979,0.65,1,4,0.855203928249978
12,3.14159265358979,0.65,1,10,2.09048049633308
12,3.14159265358979,0.65,3,4,NaN
12,3.14159265358979,0.65,3,8,2.78234141699977
12,3.14159265358979,1.4,1,4,0.808211611000388
12,3.14159265358979,1.4,1,8,1.77728324000009
12,3.14159265358979,1.4,3,4,NaN
12,3.14159265358979,1.4,3,8,NaN
12,3.14159265358979,1.4,3,10,1.62659943500012
12,3.76991118430775,1.4,1,10,NaN
12,3.92699081698724,0.65,1,8,1.444357201
12,3.92699081698724,0.65,3,8,1.32956016349999
12,3.92699081698724,1.4,1,8,NaN
12,3.92699081698724,1.4,3,8,NaN
12,4.18879020478639,0.65,1,6,NaN
12,4.18879020478639,0.65,3,6,1.73886138499984
12,4.18879020478639,1.4,3,6,NaN
12,4.39822971502571,0.65,1,10,NaN
12,4.39822971502571,0.65,3,10,NaN
12,4.39822971502571,1.4,1,10,1.32137059800016
12,4.71238898038469,0.65,1,4,1.89548431200001
12,4.71238898038469,1.4,1,4,0.631215265999799
12,4.71238898038469,1.4,1,8,NaN
12,4.71238898038469,1.4,3,4,NaN
12,4.71238898038469,1.4,3,8,NaN
12,5.02654824574367,0.65,1,10,3.31582125399973
12,5.02654824574367,1.4,1,10,1.05002437899998
12,5.02654824574367,1.4,3,10,NaN
12,5.23598775598299,0.65,1,6,1.21145833199989
12,5.23598775598299,1.4,1,6,1.73983277850016
12,5.49778714378214,0.65,3,8,NaN
12,5.49778714378214,1.4,1,8,NaN
12,5.65486677646163,0.65,3,10,NaN
13,0,0.65,1,4,NaN
13,0,0.65,1,6,1.40492253000048
13,0,0.65,1,8,0.590946532000089
13,0,0.65,1,10,0.750634567000816
13,0,0.65,3,6,0.674486592000903
13,0,0.65,3,10,NaN
13,0,1.4,1,10,2.02620295299857
13,0,1.4,3,4,0.572428493999723
13,0,1.4,3,8,2.03482640199945
13,0,1.4,3,10,1.03053973399983
13,0.628318530717959,0.65,1,10,NaN
13,0.628318530717959,0.65,3,10,1.92326283699913
13,0.628318530717959,1.4,1,10,0.670941197999127
13,0.785398163397448,0.65,1,8,0.827060126000409
13,0.785398163397448,0.65,3,8,0.75303034100034
13,1.0471975511966,0.65,1,6,0.571331859499878
13,1.0471975511966,0.65,3,6,0.913767877000282
13,1.0471975511966,1.4,1,6,0.701531668999451
13,1.0471975511966,1.4,3,6,0.833046232000925
13,1.25663706143592,0.65,3,10,1.08272846600084
13,1.25663706143592,1.4,1,10,1.0945914494996
13,1.5707963267949,0.65,1,4,0.551173040999856
13,1.5707963267949,0.65,1,8,0.777035967999836
13,1.5707963267949,1.4,1,4,0.636984542999926
13,1.5707963267949,1.4,3,4,0.853471165500196
13,1.88495559215388,0.65,1,10,0.546629241000119
13,2.0943951023932,1.4,3,6,0.592180936999284
13,2.35619449019234,0.65,1,8,1.88320819100045
13,2.35619449019234,1.4,1,8,NaN
13,2.35619449019234,1.4,3,8,0.627305347000402
13,2.51327412287183,0.65,1,10,NaN
13,2.51327412287183,0.65,3,10,0.917358143000456
13,3.14159265358979,0.65,1,4,0.914271790000384
13,3.14159265358979,0.65,1,6,0.606587565333636
13,3.14159265358979,0.65,3,8,1.03132587966684
13,3.14159265358979,1.4,1,4,0.701048281333594
13,3.14159265358979,1.4,1,6,0.550730982999085
13,3.14159265358979,1.4,1,8,1.0790435404997
13,3.14159265358979,1.4,1,10,0.959126858499985
13,3.14159265358979,1.4,3,6,0.839018486000896
13,3.76991118430775,1.4,1,10,NaN
13,3.92699081698724,0.65,1,8,NaN
13,4.18879020478639,0.65,1,6,1.19776235000063
13,4.18879020478639,0.65,3,6,NaN
13,4.39822971502571,0.65,3,10,0.919404309999663
13,4.39822971502571,1.4,3,10,NaN
13,4.71238898038469,0.65,1,4,0.816674319499725
13,4.71238898038469,0.65,1,8,NaN
13,4.71238898038469,0.65,3,4,1.11091848999968
13,4.71238898038469,1.4,3,4,0.730933750500299
13,4.71238898038469,1.4,3,8,NaN
13,5.02654824574367,0.65,1,10,NaN
13,5.23598775598299,0.65,3,6,NaN
13,5.23598775598299,1.4,1,6,0.553622450999683
13,5.23598775598299,1.4,3,6,NaN
13,5.49778714378214,0.65,1,8,NaN
13,5.49778714378214,0.65,3,8,NaN
13,5.49778714378214,1.4,1,8,NaN
13,5.49778714378214,1.4,3,8,1.32497020200026
13,5.65486677646163,0.65,1,10,NaN
13,5.65486677646163,1.4,1,10,NaN
13,5.65486677646163,1.4,3,10,NaN
14,0,0.65,1,4,0.519561571000054
14,0,0.65,1,8,2.96692329699999
14,0,0.65,1,10,0.763837428999977
14,0,0.65,3,4,0.741109260999906
14,0,0.65,3,6,0.440154503000031
14,0,0.65,3,8,0.471405048999713
14,0,1.4,1,4,0.546495681750059
14,0.628318530717959,0.65,1,10,0.345161456999904
14,0.628318530717959,1.4,1,10,1.02256700000013
14,0.785398163397448,0.65,3,8,0.516958883999905
14,0.785398163397448,1.4,1,8,0.717563603000144
14,1.0471975511966,1.4,3,6,0.540895281000303
14,1.25663706143592,0.65,1,10,1.07828819499991
14,1.25663706143592,0.65,3,10,1.01255263800022
14,1.25663706143592,1.4,1,10,0.803875818000051
14,1.5707963267949,0.65,1,4,0.686158679500068
14,1.5707963267949,0.65,3,4,0.506970136999826
14,1.5707963267949,0.65,3,8,0.473803564000264
14,1.5707963267949,1.4,1,4,0.453321751999965
14,1.5707963267949,1.4,1,8,1.42748861550001
14,1.5707963267949,1.4,3,4,0.458327389750082
14,1.5707963267949,1.4,3,8,1.23373085150001
14,1.88495559215388,1.4,1,10,0.607221663000018
14,1.88495559215388,1.4,3,10,NaN
14,2.0943951023932,1.4,1,6,0.969608349333233
14,2.0943951023932,1.4,3,6,NaN
14,2.35619449019234,1.4,1,8,1.37153049400013
14,2.35619449019234,1.4,3,8,0.886290974999611
14,2.51327412287183,0.65,1,10,0.604217693999999
14,2.51327412287183,1.4,1,10,0.476569031000054
14,2.51327412287183,1.4,3,10,1.1674005939999
14,3.14159265358979,0.65,1,4,0.680772109500026
14,3.14159265358979,0.65,1,6,0.617949475500041
14,3.14159265358979,0.65,1,8,1.05440331199998
14,3.14159265358979,0.65,1,10,NaN
14,3.14159265358979,0.65,3,6,0.636907832999896
14,3.14159265358979,1.4,1,4,0.773715969666682
14,3.14159265358979,1.4,1,6,0.706960640000034
14,3.14159265358979,1.4,3,4,0.437607538000066
14,3.76991118430775,0.65,1,10,1.01603902499983
14,3.76991118430775,1.4,1,10,1.67061369599992
14,3.92699081698724,0.65,1,8,1.72550749900006
14,3.92699081698724,0.65,3,8,0.48022703200013
14,3.92699081698724,1.4,1,8,1.33844899550013
14,3.92699081698724,1.4,3,8,1.44396569100036
14,4.18879020478639,0.65,1,6,1.44557154299991
14,4.18879020478639,0.65,3,6,1.62094940899988
14,4.18879020478639,1.4,1,6,1.20248481099998
14,4.18879020478639,1.4,3,6,0.758213440000418
14,4.39822971502571,0.65,1,10,NaN
14,4.39822971502571,0.65,3,10,0.355734267500111
14,4.71238898038469,0.65,1,4,1.26434876000008
14,4.71238898038469,0.65,1,8,NaN
14,4.71238898038469,0.65,3,4,0.475605026999801
14,4.71238898038469,0.65,3,8,1.57868817899998
14,4.71238898038469,1.4,1,8,0.956635978000122
14,4.71238898038469,1.4,3,4,NaN
14,4.71238898038469,1.4,3,8,NaN
14,5.02654824574367,0.65,1,10,NaN
14,5.02654824574367,0.65,3,10,2.03841549599997
14,5.02654824574367,1.4,1,10,1.16462323399992
14,5.02654824574367,1.4,3,10,0.924864174000049
14,5.23598775598299,0.65,3,6,0.680745823000052
14,5.23598775598299,1.4,1,6,NaN
14,5.23598775598299,1.4,3,6,NaN
14,5.49778714378214,0.65,1,8,0.910386639000004
14,5.49778714378214,1.4,1,8,2.27416431400002
14,5.65486677646163,1.4,3,10,1.23758282099993
15,0,0.65,1,4,0.642007448000186
15,0,0.65,1,6,1.01187914599905
15,0,0.65,1,8,0.395581691000189
15,0,0.65,1,10,0.43600660699849
15,0,0.65,3,4,0.420362283000334
15,0,0.65,3,6,0.551012051000725
15,0,0.65,3,8,NaN
15,0,1.4,1,4,0.593183426999531
15,0,1.4,1,6,0.470637301999886
15,0,1.4,1,8,1.05666071099949
15,0,1.4,1,10,1.42395897099959
15,0,1.4,3,4,0.807994812999823
15,0,1.4,3,6,0.617502723500365
15,0,1.4,3,10,0.804515308000191
15,0.628318530717959,1.4,1,10,0.512767497000823
15,0.785398163397448,0.65,1,8,0.582819398000538
15,0.785398163397448,0.65,3,8,0.932220666998546
15,0.785398163397448,1.4,1,8,0.30890867600101
15,1.0471975511966,0.65,3,6,NaN
15,1.0471975511966,1.4,1,6,0.585444670500692
15,1.0471975511966,1.4,3,6,1.10233128899927
15,1.25663706143592,0.65,1,10,NaN
15,1.5707963267949,0.65,1,4,0.734807700500369
15,1.5707963267949,0.65,1,8,NaN
15,1.5707963267949,0.65,3,4,0.602154829999563
15,1.5707963267949,1.4,1,4,0.446101623332955
15,1.5707963267949,1.4,1,8,NaN
15,1.5707963267949,1.4,3,4,0.643807526999808
15,1.5707963267949,1.4,3,8,0.724445809000827
15,1.88495559215388,0.65,1,10,NaN
15,1.88495559215388,0.65,3,10,NaN
15,2.0943951023932,0.65,3,6,0.685978633999184
15,2.0943951023932,1.4,1,6,NaN
15,2.35619449019234,0.65,1,8,NaN
15,2.35619449019234,0.65,3,8,0.766201898999498
15,2.51327412287183,0.65,3,10,NaN
15,2.51327412287183,1.4,1,10,1.26878501900137
15,2.51327412287183,1.4,3,10,0.769166235999364
15,3.14159265358979,0.65,1,6,0.54517146499893
15,3.14159265358979,0.65,1,8,NaN
15,3.14159265358979,0.65,3,4,0.499279304500305
15,3.14159265358979,1.4,1,4,0.480854330000511
15,3.14159265358979,1.4,1,6,0.754407222999362
15,3.14159265358979,1.4,1,8,0.609152652001285
15,3.14159265358979,1.4,3,4,0.827359568500469
15,3.14159265358979,1.4,3,8,0.479203143999257
15,3.76991118430775,0.65,3,10,0.682754200500312
15,3.92699081698724,0.65,1,8,NaN
15,3.92699081698724,1.4,1,8,0.994442808500025
15,3.92699081698724,1.4,3,8,0.388515594000637
15,4.18879020478639,0.65,1,6,0.728138997001224
15,4.18879020478639,1.4,1,6,0.431491852999898
15,4.39822971502571,0.65,1,10,NaN
15,4.39822971502571,1.4,1,10,NaN
15,4.39822971502571,1.4,3,10,0.677661972000351
15,4.71238898038469,0.65,1,4,0.416907050999725
15,4.71238898038469,1.4,1,4,0.476623173999542
15,4.71238898038469,1.4,1,8,2.09152096400067
15,4.71238898038469,1.4,3,4,0.356812435000393
15,5.02654824574367,0.65,1,10,0.429836581000927
15,5.02654824574367,1.4,1,10,1.23134344400023
15,5.23598775598299,0.65,3,6,0.635107136999068
15,5.23598775598299,1.4,1,6,0.34587452499909
15,5.49778714378214,0.65,1,8,0.594121739999537
15,5.49778714378214,1.4,1,8,1.63037798700134
15,5.65486677646163,0.65,3,10,0.350739688499743
15,5.65486677646163,1.4,1,10,0.562053056999503
15,5.65486677646163,1.4,3,10,0.561043216999678
16,0,0.65,1,4,0.491533910000726
16,0,0.65,1,8,1.04807393300143
16,0,0.65,3,4,0.726508659001411
16,0,0.65,3,6,0.644656429500174
16,0,0.65,3,8,0.77359149699987
16,0,0.65,3,10,1.380279144003
16,0,1.4,1,4,0.610972848797974
16,0,1.4,1,6,0.929849112999364
16,0,1.4,1,8,0.903354402002151
16,0,1.4,3,4,0.53693555800055
16,0,1.4,3,10,0.497184842501156
16,0.628318530717959,1.4,1,10,0.605123509001714
16,0.785398163397448,0.65,1,8,0.524017413998081
16,0.785398163397448,1.4,3,8,0.642112001998612
16,1.0471975511966,0.65,1,6,0.753088060000058
16,1.0471975511966,0.65,3,6,1.30592975550098
16,1.0471975511966,1.4,1,6,1.36187479125147
16,1.0471975511966,1.4,3,6,0.718699832999846
16,1.25663706143592,0.65,1,10,NaN
16,1.25663706143592,0.65,3,10,0.560443758000474
16,1.25663706143592,1.4,1,10,0.768028016002063
16,1.5707963267949,0.65,1,4,0.638434762000543
16,1.5707963267949,0.65,1,8,0.702835487998527
16,1.5707963267949,0.65,3,4,0.581773006500953
16,1.5707963267949,0.65,3,8,0.605678709998756
16,1.5707963267949,1.4,1,4,0.668218260499998
16,1.5707963267949,1.4,1,8,0.88972813466656
16,1.5707963267949,1.4,3,4,0.747251785000117
16,1.5707963267949,1.4,3,8,NaN
16,1.88495559215388,0.65,1,10,NaN
16,1.88495559215388,1.4,3,10,0.888169107998692
16,2.0943951023932,0.65,1,6,NaN
16,2.0943951023932,0.65,3,6,NaN
16,2.0943951023932,1.4,1,6,1.47862252400228
16,2.0943951023932,1.4,3,6,0.886558681999304
16,2.35619449019234,0.65,3,8,0.608159151001018
16,2.35619449019234,1.4,3,8,0.723849512000015
16,2.51327412287183,0.65,1,10,0.717810153997561
16,3.14159265358979,0.65,1,4,0.478285770001094
16,3.14159265358979,0.65,1,8,0.496875671498856
16,3.14159265358979,0.65,1,10,1.14474795099886
16,3.14159265358979,0.65,3,4,0.939848062000237
16,3.14159265358979,0.65,3,6,0.475443053997878
16,3.14159265358979,0.65,3,8,1.06257495099999
16,3.14159265358979,1.4,1,4,0.585240708000129
16,3.14159265358979,1.4,1,6,0.690127696501804
16,3.14159265358979,1.4,1,8,0.51781832800043
16,3.14159265358979,1.4,3,4,0.519753039499847
16,3.14159265358979,1.4,3,10,0.457075356500354
16,3.76991118430775,1.4,1,10,0.540374820000579
16,3.92699081698724,0.65,1,8,1.1996855373327
16,3.92699081698724,1.4,1,8,0.687124648000463
16,4.18879020478639,0.65,3,6,0.687700517999474
16,4.39822971502571,0.65,1,10,1.59479475600165
16,4.39822971502571,0.65,3,10,0.726440548001847
16,4.71238898038469,0.65,1,4,0.604762987999493
16,4.71238898038469,0.65,1,8,0.646616088997689
16,4.71238898038469,0.65,3,4,NaN
16,4.71238898038469,1.4,1,4,1.72733109800174
16,5.02654824574367,0.65,1,10,0.688424056999793
16,5.02654824574367,0.65,3,10,0.933585929000401
16,5.23598775598299,0.65,1,6,0.670686738001677
16,5.23598775598299,1.4,1,6,0.438169136999932
16,5.49778714378214,1.4,1,8,0.521953176998068
16,5.65486677646163,0.65,1,10,0.595279764000225
16,5.65486677646163,1.4,1,10,0.89315889199861
17,0,0.65,1,4,1.07869164299973
17,0,0.65,1,6,0.952247580999938
17,0,0.65,1,8,0.958800974000042
17,0,0.65,3,4,1.93800450600065
17,0,0.65,3,8,0.754589422000208
17,0,1.4,1,4,0.741551349000323
17,0,1.4,1,6,0.725552192333149
17,0,1.4,1,8,0.854567744499946
17,0,1.4,1,10,0.981499917666497
17,0.628318530717959,0.65,1,10,NaN
17,0.628318530717959,1.4,1,10,0.773952441499887
17,0.785398163397448,0.65,3,8,0.553382670000246
17,1.0471975511966,0.65,1,6,0.83955335949986
17,1.0471975511966,1.4,1,6,0.633009432999643
17,1.25663706143592,0.65,3,10,NaN
17,1.25663706143592,1.4,1,10,1.10867739800005
17,1.5707963267949,0.65,1,4,0.511999008999737
17,1.5707963267949,0.65,1,8,1.14947377399994
17,1.5707963267949,0.65,3,8,NaN
17,1.5707963267949,1.4,1,4,0.750803182999789
17,1.5707963267949,1.4,1,8,NaN
17,1.5707963267949,1.4,3,4,1.00575345900052
17,1.88495559215388,0.65,1,10,0.754276384999685
17,1.88495559215388,1.4,1,10,NaN
17,2.0943951023932,0.65,3,6,NaN
17,2.0943951023932,1.4,1,6,1.35643169249988
17,2.0943951023932,1.4,3,6,0.672464231000049
17,2.35619449019234,0.65,3,8,0.511556643000404
17,2.51327412287183,0.65,3,10,NaN
17,2.51327412287183,1.4,1,10,NaN
17,2.51327412287183,1.4,3,10,0.671104318999824
17,3.14159265358979,0.65,1,4,0.907624727999973
17,3.14159265358979,0.65,1,10,0.595288088000416
17,3.14159265358979,0.65,3,4,0.551714296000682
17,3.14159265358979,0.65,3,6,0.552190538000104
17,3.14159265358979,1.4,1,4,0.698863356999937
17,3.14159265358979,1.4,1,6,0.948062008999841
17,3.14159265358979,1.4,1,8,0.717340852999769
17,3.14159265358979,1.4,1,10,NaN
17,3.14159265358979,1.4,3,4,0.7343338364999
17,3.14159265358979,1.4,3,6,0.612301212499915
17,3.14159265358979,1.4,3,8,0.793354792000173
17,3.76991118430775,0.65,1,10,NaN
17,3.76991118430775,1.4,3,10,0.58446422399993
17,3.92699081698724,0.65,1,8,NaN
17,4.18879020478639,0.65,1,6,1.47545807900042
17,4.18879020478639,1.4,1,6,0.879736801000035
17,4.18879020478639,1.4,3,6,NaN
17,4.71238898038469,0.65,1,4,0.613685792600154
17,4.71238898038469,0.65,1,8,NaN
17,4.71238898038469,1.4,1,4,0.652461920500173
17,4.71238898038469,1.4,1,8,NaN
17,4.71238898038469,1.4,3,4,0.999552833000052
17,5.02654824574367,0.65,1,10,NaN
17,5.23598775598299,0.65,1,6,0.617364607000127
17,5.23598775598299,0.65,3,6,1.40144953899926
17,5.23598775598299,1.4,3,6,1.24582455900008
17,5.49778714378214,0.65,1,8,0.505879919000108
17,5.49778714378214,1.4,1,8,1.49546871350049
17,5.49778714378214,1.4,3,8,NaN
17,5.65486677646163,0.65,1,10,0.582532257999901
17,5.65486677646163,0.65,3,10,1.64563439599988
17,5.65486677646163,1.4,1,10,1.72992316399996
18,0,0.65,1,4,0.351206875999196
18,0,0.65,1,6,0.659461373999875
18,0,0.65,1,8,0.424891920200025
18,0,0.65,3,4,0.393037395000647
18,0,0.65,3,6,0.473981695000475
18,0,1.4,1,4,0.302536127001076
18,0,1.4,1,6,0.955137506000028
18,0,1.4,1,8,0.757119470999896
18,0,1.4,1,10,0.555687478001346
18,0,1.4,3,4,0.38674670599994
18,0,1.4,3,6,0.434784772000057
18,0,1.4,3,8,0.885474466000232
18,0.628318530717959,1.4,1,10,1.15395711699966
18,0.628318530717959,1.4,3,10,0.472000618001402
18,0.785398163397448,1.4,1,8,0.678813930000615
18,0.785398163397448,1.4,3,8,0.383222492999266
18,1.0471975511966,0.65,1,6,0.637776288000168
18,1.0471975511966,0.65,3,6,0.595411145999606
18,1.0471975511966,1.4,1,6,0.538130357500449
18,1.25663706143592,0.65,1,10,0.57586382449972
18,1.25663706143592,0.65,3,10,0.505191513999307
18,1.5707963267949,0.65,1,4,0.667125625001063
18,1.5707963267949,0.65,3,4,0.575504458999603
18,1.5707963267949,0.65,3,8,0.714300835334143
18,1.5707963267949,1.4,1,4,0.473856965999403
18,1.88495559215388,0.65,1,10,0.691429365000658
18,1.88495559215388,1.4,1,10,0.929518550500688
18,2.0943951023932,0.65,1,6,0.545341553499384
18,2.0943951023932,1.4,1,6,0.702552159750212
18,2.35619449019234,0.65,1,8,0.712118938999993
18,2.35619449019234,1.4,1,8,0.595238364001489
18,2.51327412287183,1.4,3,10,NaN
18,3.14159265358979,0.65,1,4,0.34337457699985
18,3.14159265358979,0.65,1,6,0.87921968000046
18,3.14159265358979,0.65,1,8,NaN
18,3.14159265358979,0.65,1,10,NaN
18,3.14159265358979,0.65,3,4,1.49269777900008
18,3.14159265358979,0.65,3,8,NaN
18,3.14159265358979,1.4,1,4,0.415266894999149
18,3.14159265358979,1.4,1,6,0.725397750000411
18,3.14159265358979,1.4,1,8,NaN
18,3.14159265358979,1.4,1,10,NaN
18,3.14159265358979,1.4,3,8,NaN
18,3.76991118430775,0.65,1,10,NaN
18,3.76991118430775,1.4,1,10,NaN
18,3.92699081698724,1.4,3,8,NaN
18,4.18879020478639,0.65,3,6,NaN
18,4.18879020478639,1.4,1,6,NaN
18,4.39822971502571,0.65,3,10,NaN
18,4.39822971502571,1.4,1,10,0.588864186000137
18,4.71238898038469,0.65,1,4,1.00579338349962
18,4.71238898038469,1.4,1,4,0.509379211833524
18,4.71238898038469,1.4,3,4,0.533541365499332
18,5.02654824574367,0.65,1,10,NaN
18,5.02654824574367,0.65,3,10,0.756621608999922
18,5.23598775598299,0.65,1,6,0.350017028000366
18,5.23598775598299,0.65,3,6,0.35234148499876
18,5.23598775598299,1.4,1,6,0.431462145332868
18,5.23598775598299,1.4,3,6,0.433712776999528
18,5.49778714378214,0.65,1,8,NaN
18,5.49778714378214,0.65,3,8,0.77314423666697
18,5.65486677646163,1.4,3,10,NaN
